"0","modelo = neuralnet(V1_setosa + V1_versicolor + V1_virginica ~ Sepal.Length + Sepal.Width + Petal.Length + Petal.Width, iristreino, hidden=c(5,4))"
"0","print(modelo)"
"1","$call
"
"1","neuralnet(formula = V1_setosa + V1_versicolor + V1_virginica ~ 
"
"1","    Sepal.Length + Sepal.Width + Petal.Length + Petal.Width, 
"
"1","    data = iristreino, hidden = c(5, 4))
"
"1","
"
"1","$response
"
"1","   "
"1"," V1_setosa"
"1"," V1_versicolor"
"1"," V1_virginica"
"1","
2  "
"1","         1"
"1","             0"
"1","            0"
"1","
3  "
"1","         1"
"1","             0"
"1","            0"
"1","
4  "
"1","         1"
"1","             0"
"1","            0"
"1","
5  "
"1","         1"
"1","             0"
"1","            0"
"1","
6  "
"1","         1"
"1","             0"
"1","            0"
"1","
7  "
"1","         1"
"1","             0"
"1","            0"
"1","
8  "
"1","         1"
"1","             0"
"1","            0"
"1","
9  "
"1","         1"
"1","             0"
"1","            0"
"1","
11 "
"1","         1"
"1","             0"
"1","            0"
"1","
14 "
"1","         1"
"1","             0"
"1","            0"
"1","
15 "
"1","         1"
"1","             0"
"1","            0"
"1","
16 "
"1","         1"
"1","             0"
"1","            0"
"1","
18 "
"1","         1"
"1","             0"
"1","            0"
"1","
20 "
"1","         1"
"1","             0"
"1","            0"
"1","
21 "
"1","         1"
"1","             0"
"1","            0"
"1","
22 "
"1","         1"
"1","             0"
"1","            0"
"1","
23 "
"1","         1"
"1","             0"
"1","            0"
"1","
24 "
"1","         1"
"1","             0"
"1","            0"
"1","
25 "
"1","         1"
"1","             0"
"1","            0"
"1","
26 "
"1","         1"
"1","             0"
"1","            0"
"1","
28 "
"1","         1"
"1","             0"
"1","            0"
"1","
29 "
"1","         1"
"1","             0"
"1","            0"
"1","
31 "
"1","         1"
"1","             0"
"1","            0"
"1","
32 "
"1","         1"
"1","             0"
"1","            0"
"1","
34 "
"1","         1"
"1","             0"
"1","            0"
"1","
36 "
"1","         1"
"1","             0"
"1","            0"
"1","
37 "
"1","         1"
"1","             0"
"1","            0"
"1","
40 "
"1","         1"
"1","             0"
"1","            0"
"1","
41 "
"1","         1"
"1","             0"
"1","            0"
"1","
44 "
"1","         1"
"1","             0"
"1","            0"
"1","
46 "
"1","         1"
"1","             0"
"1","            0"
"1","
47 "
"1","         1"
"1","             0"
"1","            0"
"1","
48 "
"1","         1"
"1","             0"
"1","            0"
"1","
53 "
"1","         0"
"1","             1"
"1","            0"
"1","
54 "
"1","         0"
"1","             1"
"1","            0"
"1","
55 "
"1","         0"
"1","             1"
"1","            0"
"1","
57 "
"1","         0"
"1","             1"
"1","            0"
"1","
59 "
"1","         0"
"1","             1"
"1","            0"
"1","
60 "
"1","         0"
"1","             1"
"1","            0"
"1","
61 "
"1","         0"
"1","             1"
"1","            0"
"1","
62 "
"1","         0"
"1","             1"
"1","            0"
"1","
63 "
"1","         0"
"1","             1"
"1","            0"
"1","
64 "
"1","         0"
"1","             1"
"1","            0"
"1","
65 "
"1","         0"
"1","             1"
"1","            0"
"1","
66 "
"1","         0"
"1","             1"
"1","            0"
"1","
67 "
"1","         0"
"1","             1"
"1","            0"
"1","
68 "
"1","         0"
"1","             1"
"1","            0"
"1","
69 "
"1","         0"
"1","             1"
"1","            0"
"1","
70 "
"1","         0"
"1","             1"
"1","            0"
"1","
72 "
"1","         0"
"1","             1"
"1","            0"
"1","
73 "
"1","         0"
"1","             1"
"1","            0"
"1","
74 "
"1","         0"
"1","             1"
"1","            0"
"1","
75 "
"1","         0"
"1","             1"
"1","            0"
"1","
76 "
"1","         0"
"1","             1"
"1","            0"
"1","
78 "
"1","         0"
"1","             1"
"1","            0"
"1","
79 "
"1","         0"
"1","             1"
"1","            0"
"1","
80 "
"1","         0"
"1","             1"
"1","            0"
"1","
81 "
"1","         0"
"1","             1"
"1","            0"
"1","
82 "
"1","         0"
"1","             1"
"1","            0"
"1","
83 "
"1","         0"
"1","             1"
"1","            0"
"1","
84 "
"1","         0"
"1","             1"
"1","            0"
"1","
85 "
"1","         0"
"1","             1"
"1","            0"
"1","
87 "
"1","         0"
"1","             1"
"1","            0"
"1","
90 "
"1","         0"
"1","             1"
"1","            0"
"1","
91 "
"1","         0"
"1","             1"
"1","            0"
"1","
92 "
"1","         0"
"1","             1"
"1","            0"
"1","
94 "
"1","         0"
"1","             1"
"1","            0"
"1","
95 "
"1","         0"
"1","             1"
"1","            0"
"1","
96 "
"1","         0"
"1","             1"
"1","            0"
"1","
97 "
"1","         0"
"1","             1"
"1","            0"
"1","
98 "
"1","         0"
"1","             1"
"1","            0"
"1","
99 "
"1","         0"
"1","             1"
"1","            0"
"1","
100"
"1","         0"
"1","             1"
"1","            0"
"1","
101"
"1","         0"
"1","             0"
"1","            1"
"1","
103"
"1","         0"
"1","             0"
"1","            1"
"1","
105"
"1","         0"
"1","             0"
"1","            1"
"1","
106"
"1","         0"
"1","             0"
"1","            1"
"1","
109"
"1","         0"
"1","             0"
"1","            1"
"1","
111"
"1","         0"
"1","             0"
"1","            1"
"1","
113"
"1","         0"
"1","             0"
"1","            1"
"1","
114"
"1","         0"
"1","             0"
"1","            1"
"1","
115"
"1","         0"
"1","             0"
"1","            1"
"1","
116"
"1","         0"
"1","             0"
"1","            1"
"1","
118"
"1","         0"
"1","             0"
"1","            1"
"1","
120"
"1","         0"
"1","             0"
"1","            1"
"1","
121"
"1","         0"
"1","             0"
"1","            1"
"1","
122"
"1","         0"
"1","             0"
"1","            1"
"1","
123"
"1","         0"
"1","             0"
"1","            1"
"1","
125"
"1","         0"
"1","             0"
"1","            1"
"1","
126"
"1","         0"
"1","             0"
"1","            1"
"1","
128"
"1","         0"
"1","             0"
"1","            1"
"1","
129"
"1","         0"
"1","             0"
"1","            1"
"1","
132"
"1","         0"
"1","             0"
"1","            1"
"1","
133"
"1","         0"
"1","             0"
"1","            1"
"1","
134"
"1","         0"
"1","             0"
"1","            1"
"1","
138"
"1","         0"
"1","             0"
"1","            1"
"1","
139"
"1","         0"
"1","             0"
"1","            1"
"1","
140"
"1","         0"
"1","             0"
"1","            1"
"1","
141"
"1","         0"
"1","             0"
"1","            1"
"1","
142"
"1","         0"
"1","             0"
"1","            1"
"1","
143"
"1","         0"
"1","             0"
"1","            1"
"1","
144"
"1","         0"
"1","             0"
"1","            1"
"1","
145"
"1","         0"
"1","             0"
"1","            1"
"1","
146"
"1","         0"
"1","             0"
"1","            1"
"1","
148"
"1","         0"
"1","             0"
"1","            1"
"1","
150"
"1","         0"
"1","             0"
"1","            1"
"1","
"
"1","
"
"1","$covariate
"
"1","   "
"1"," Sepal.Length"
"1"," Sepal.Width"
"1"," Petal.Length"
"1","   Petal.Width"
"1","
2  "
"1","  -1.13920048"
"1"," -0.13153881"
"1","  -1.33575163"
"1"," -1.3110521482"
"1","
3  "
"1","  -1.38072709"
"1","  0.32731751"
"1","  -1.39239929"
"1"," -1.3110521482"
"1","
4  "
"1","  -1.50149039"
"1","  0.09788935"
"1","  -1.27910398"
"1"," -1.3110521482"
"1","
5  "
"1","  -1.01843718"
"1","  1.24503015"
"1","  -1.33575163"
"1"," -1.3110521482"
"1","
6  "
"1","  -0.53538397"
"1","  1.93331463"
"1","  -1.16580868"
"1"," -1.0486667950"
"1","
7  "
"1","  -1.50149039"
"1","  0.78617383"
"1","  -1.33575163"
"1"," -1.1798594716"
"1","
8  "
"1","  -1.01843718"
"1","  0.78617383"
"1","  -1.27910398"
"1"," -1.3110521482"
"1","
9  "
"1","  -1.74301699"
"1"," -0.36096697"
"1","  -1.33575163"
"1"," -1.3110521482"
"1","
11 "
"1","  -0.53538397"
"1","  1.47445831"
"1","  -1.27910398"
"1"," -1.3110521482"
"1","
14 "
"1","  -1.86378030"
"1"," -0.13153881"
"1","  -1.50569459"
"1"," -1.4422448248"
"1","
15 "
"1","  -0.05233076"
"1","  2.16274279"
"1","  -1.44904694"
"1"," -1.3110521482"
"1","
16 "
"1","  -0.17309407"
"1","  3.08045544"
"1","  -1.27910398"
"1"," -1.0486667950"
"1","
18 "
"1","  -0.89767388"
"1","  1.01560199"
"1","  -1.33575163"
"1"," -1.1798594716"
"1","
20 "
"1","  -0.89767388"
"1","  1.70388647"
"1","  -1.27910398"
"1"," -1.1798594716"
"1","
21 "
"1","  -0.53538397"
"1","  0.78617383"
"1","  -1.16580868"
"1"," -1.3110521482"
"1","
22 "
"1","  -0.89767388"
"1","  1.47445831"
"1","  -1.27910398"
"1"," -1.0486667950"
"1","
23 "
"1","  -1.50149039"
"1","  1.24503015"
"1","  -1.56234224"
"1"," -1.3110521482"
"1","
24 "
"1","  -0.89767388"
"1","  0.55674567"
"1","  -1.16580868"
"1"," -0.9174741184"
"1","
25 "
"1","  -1.25996379"
"1","  0.78617383"
"1","  -1.05251337"
"1"," -1.3110521482"
"1","
26 "
"1","  -1.01843718"
"1"," -0.13153881"
"1","  -1.22245633"
"1"," -1.3110521482"
"1","
28 "
"1","  -0.77691058"
"1","  1.01560199"
"1","  -1.27910398"
"1"," -1.3110521482"
"1","
29 "
"1","  -0.77691058"
"1","  0.78617383"
"1","  -1.33575163"
"1"," -1.3110521482"
"1","
31 "
"1","  -1.25996379"
"1","  0.09788935"
"1","  -1.22245633"
"1"," -1.3110521482"
"1","
32 "
"1","  -0.53538397"
"1","  0.78617383"
"1","  -1.27910398"
"1"," -1.0486667950"
"1","
34 "
"1","  -0.41462067"
"1","  2.62159911"
"1","  -1.33575163"
"1"," -1.3110521482"
"1","
36 "
"1","  -1.01843718"
"1","  0.32731751"
"1","  -1.44904694"
"1"," -1.3110521482"
"1","
37 "
"1","  -0.41462067"
"1","  1.01560199"
"1","  -1.39239929"
"1"," -1.3110521482"
"1","
40 "
"1","  -0.89767388"
"1","  0.78617383"
"1","  -1.27910398"
"1"," -1.3110521482"
"1","
41 "
"1","  -1.01843718"
"1","  1.01560199"
"1","  -1.39239929"
"1"," -1.1798594716"
"1","
44 "
"1","  -1.01843718"
"1","  1.01560199"
"1","  -1.22245633"
"1"," -0.7862814418"
"1","
46 "
"1","  -1.25996379"
"1"," -0.13153881"
"1","  -1.33575163"
"1"," -1.1798594716"
"1","
47 "
"1","  -0.89767388"
"1","  1.70388647"
"1","  -1.22245633"
"1"," -1.3110521482"
"1","
48 "
"1","  -1.50149039"
"1","  0.32731751"
"1","  -1.33575163"
"1"," -1.3110521482"
"1","
53 "
"1","   1.27606556"
"1","  0.09788935"
"1","   0.64691619"
"1","  0.3944526477"
"1","
54 "
"1","  -0.41462067"
"1"," -1.73753594"
"1","   0.13708732"
"1","  0.1320672944"
"1","
55 "
"1","   0.79301235"
"1"," -0.59039513"
"1","   0.47697323"
"1","  0.3944526477"
"1","
57 "
"1","   0.55148575"
"1","  0.55674567"
"1","   0.53362088"
"1","  0.5256453243"
"1","
59 "
"1","   0.91377565"
"1"," -0.36096697"
"1","   0.47697323"
"1","  0.1320672944"
"1","
60 "
"1","  -0.77691058"
"1"," -0.81982329"
"1","   0.08043967"
"1","  0.2632599711"
"1","
61 "
"1","  -1.01843718"
"1"," -2.42582042"
"1","  -0.14615094"
"1"," -0.2615107354"
"1","
62 "
"1","   0.06843254"
"1"," -0.13153881"
"1","   0.25038262"
"1","  0.3944526477"
"1","
63 "
"1","   0.18919584"
"1"," -1.96696410"
"1","   0.13708732"
"1"," -0.2615107354"
"1","
64 "
"1","   0.30995914"
"1"," -0.36096697"
"1","   0.53362088"
"1","  0.2632599711"
"1","
65 "
"1","  -0.29385737"
"1"," -0.36096697"
"1","  -0.08950329"
"1","  0.1320672944"
"1","
66 "
"1","   1.03453895"
"1","  0.09788935"
"1","   0.36367793"
"1","  0.2632599711"
"1","
67 "
"1","  -0.29385737"
"1"," -0.13153881"
"1","   0.42032558"
"1","  0.3944526477"
"1","
68 "
"1","  -0.05233076"
"1"," -0.81982329"
"1","   0.19373497"
"1"," -0.2615107354"
"1","
69 "
"1","   0.43072244"
"1"," -1.96696410"
"1","   0.42032558"
"1","  0.3944526477"
"1","
70 "
"1","  -0.29385737"
"1"," -1.27867961"
"1","   0.08043967"
"1"," -0.1303180588"
"1","
72 "
"1","   0.30995914"
"1"," -0.59039513"
"1","   0.13708732"
"1","  0.1320672944"
"1","
73 "
"1","   0.55148575"
"1"," -1.27867961"
"1","   0.64691619"
"1","  0.3944526477"
"1","
74 "
"1","   0.30995914"
"1"," -0.59039513"
"1","   0.53362088"
"1","  0.0008746178"
"1","
75 "
"1","   0.67224905"
"1"," -0.36096697"
"1","   0.30703027"
"1","  0.1320672944"
"1","
76 "
"1","   0.91377565"
"1"," -0.13153881"
"1","   0.36367793"
"1","  0.2632599711"
"1","
78 "
"1","   1.03453895"
"1"," -0.13153881"
"1","   0.70356384"
"1","  0.6568380009"
"1","
79 "
"1","   0.18919584"
"1"," -0.36096697"
"1","   0.42032558"
"1","  0.3944526477"
"1","
80 "
"1","  -0.17309407"
"1"," -1.04925145"
"1","  -0.14615094"
"1"," -0.2615107354"
"1","
81 "
"1","  -0.41462067"
"1"," -1.50810778"
"1","   0.02379201"
"1"," -0.1303180588"
"1","
82 "
"1","  -0.41462067"
"1"," -1.50810778"
"1","  -0.03285564"
"1"," -0.2615107354"
"1","
83 "
"1","  -0.05233076"
"1"," -0.81982329"
"1","   0.08043967"
"1","  0.0008746178"
"1","
84 "
"1","   0.18919584"
"1"," -0.81982329"
"1","   0.76021149"
"1","  0.5256453243"
"1","
85 "
"1","  -0.53538397"
"1"," -0.13153881"
"1","   0.42032558"
"1","  0.3944526477"
"1","
87 "
"1","   1.03453895"
"1","  0.09788935"
"1","   0.53362088"
"1","  0.3944526477"
"1","
90 "
"1","  -0.41462067"
"1"," -1.27867961"
"1","   0.13708732"
"1","  0.1320672944"
"1","
91 "
"1","  -0.41462067"
"1"," -1.04925145"
"1","   0.36367793"
"1","  0.0008746178"
"1","
92 "
"1","   0.30995914"
"1"," -0.13153881"
"1","   0.47697323"
"1","  0.2632599711"
"1","
94 "
"1","  -1.01843718"
"1"," -1.73753594"
"1","  -0.25944625"
"1"," -0.2615107354"
"1","
95 "
"1","  -0.29385737"
"1"," -0.81982329"
"1","   0.25038262"
"1","  0.1320672944"
"1","
96 "
"1","  -0.17309407"
"1"," -0.13153881"
"1","   0.25038262"
"1","  0.0008746178"
"1","
97 "
"1","  -0.17309407"
"1"," -0.36096697"
"1","   0.25038262"
"1","  0.1320672944"
"1","
98 "
"1","   0.43072244"
"1"," -0.36096697"
"1","   0.30703027"
"1","  0.1320672944"
"1","
99 "
"1","  -0.89767388"
"1"," -1.27867961"
"1","  -0.42938920"
"1"," -0.1303180588"
"1","
100"
"1","  -0.17309407"
"1"," -0.59039513"
"1","   0.19373497"
"1","  0.1320672944"
"1","
101"
"1","   0.55148575"
"1","  0.55674567"
"1","   1.27004036"
"1","  1.7063794137"
"1","
103"
"1","   1.51759216"
"1"," -0.13153881"
"1","   1.21339271"
"1","  1.1816087073"
"1","
105"
"1","   0.79301235"
"1"," -0.13153881"
"1","   1.15674505"
"1","  1.3128013839"
"1","
106"
"1","   2.12140867"
"1"," -0.13153881"
"1","   1.60992627"
"1","  1.1816087073"
"1","
109"
"1","   1.03453895"
"1"," -1.27867961"
"1","   1.15674505"
"1","  0.7880306775"
"1","
111"
"1","   0.79301235"
"1","  0.32731751"
"1","   0.76021149"
"1","  1.0504160307"
"1","
113"
"1","   1.15530226"
"1"," -0.13153881"
"1","   0.98680210"
"1","  1.1816087073"
"1","
114"
"1","  -0.17309407"
"1"," -1.27867961"
"1","   0.70356384"
"1","  1.0504160307"
"1","
115"
"1","  -0.05233076"
"1"," -0.59039513"
"1","   0.76021149"
"1","  1.5751867371"
"1","
116"
"1","   0.67224905"
"1","  0.32731751"
"1","   0.87350679"
"1","  1.4439940605"
"1","
118"
"1","   2.24217198"
"1","  1.70388647"
"1","   1.66657392"
"1","  1.3128013839"
"1","
120"
"1","   0.18919584"
"1"," -1.96696410"
"1","   0.70356384"
"1","  0.3944526477"
"1","
121"
"1","   1.27606556"
"1","  0.32731751"
"1","   1.10009740"
"1","  1.4439940605"
"1","
122"
"1","  -0.29385737"
"1"," -0.59039513"
"1","   0.64691619"
"1","  1.0504160307"
"1","
123"
"1","   2.24217198"
"1"," -0.59039513"
"1","   1.66657392"
"1","  1.0504160307"
"1","
125"
"1","   1.03453895"
"1","  0.55674567"
"1","   1.10009740"
"1","  1.1816087073"
"1","
126"
"1","   1.63835547"
"1","  0.32731751"
"1","   1.27004036"
"1","  0.7880306775"
"1","
128"
"1","   0.30995914"
"1"," -0.13153881"
"1","   0.64691619"
"1","  0.7880306775"
"1","
129"
"1","   0.67224905"
"1"," -0.59039513"
"1","   1.04344975"
"1","  1.1816087073"
"1","
132"
"1","   2.48369858"
"1","  1.70388647"
"1","   1.49663097"
"1","  1.0504160307"
"1","
133"
"1","   0.67224905"
"1"," -0.59039513"
"1","   1.04344975"
"1","  1.3128013839"
"1","
134"
"1","   0.55148575"
"1"," -0.59039513"
"1","   0.76021149"
"1","  0.3944526477"
"1","
138"
"1","   0.67224905"
"1","  0.09788935"
"1","   0.98680210"
"1","  0.7880306775"
"1","
139"
"1","   0.18919584"
"1"," -0.13153881"
"1","   0.59026853"
"1","  0.7880306775"
"1","
140"
"1","   1.27606556"
"1","  0.09788935"
"1","   0.93015445"
"1","  1.1816087073"
"1","
141"
"1","   1.03453895"
"1","  0.09788935"
"1","   1.04344975"
"1","  1.5751867371"
"1","
142"
"1","   1.27606556"
"1","  0.09788935"
"1","   0.76021149"
"1","  1.4439940605"
"1","
143"
"1","  -0.05233076"
"1"," -0.81982329"
"1","   0.76021149"
"1","  0.9192233541"
"1","
144"
"1","   1.15530226"
"1","  0.32731751"
"1","   1.21339271"
"1","  1.4439940605"
"1","
145"
"1","   1.03453895"
"1","  0.55674567"
"1","   1.10009740"
"1","  1.7063794137"
"1","
146"
"1","   1.03453895"
"1"," -0.13153881"
"1","   0.81685914"
"1","  1.4439940605"
"1","
148"
"1","   0.79301235"
"1"," -0.13153881"
"1","   0.81685914"
"1","  1.0504160307"
"1","
150"
"1","   0.06843254"
"1"," -0.13153881"
"1","   0.76021149"
"1","  0.7880306775"
"1","
"
"1","
"
"1","$model.list
"
"1","$model.list$response
"
"1","[1]"
"1"," ""V1_setosa""    "
"1"," ""V1_versicolor"""
"1"," ""V1_virginica"" "
"1","
"
"1","
"
"1","$model.list$variables
"
"1","[1]"
"1"," ""Sepal.Length"""
"1"," ""Sepal.Width"" "
"1"," ""Petal.Length"""
"1"," ""Petal.Width"" "
"1","
"
"1","
"
"1","
"
"1","$err.fct
"
"1","function (x, y) 
"
"1","{
"
"1","    1/2 * (y - x)^2
"
"1","}
"
"1","<bytecode: 0x00000224cb5f26f0>
"
"1","<environment: 0x00000224bf82abb0>
"
"1","attr(,""type"")"
"1","
"
"1","[1]"
"1"," ""sse"""
"1","
"
"1","
"
"1","$act.fct
"
"1","function (x) 
"
"1","{
"
"1","    1/(1 + exp(-x))
"
"1","}
"
"1","<bytecode: 0x00000224cb5f36c0>
"
"1","<environment: 0x00000224bf82a6e0>
"
"1","attr(,""type"")"
"1","
"
"1","[1]"
"1"," ""logistic"""
"1","
"
"1","
"
"1","$linear.output
"
"1","[1]"
"1"," TRUE"
"1","
"
"1","
"
"1","$data
"
"1","   "
"1"," Sepal.Length"
"1"," Sepal.Width"
"1"," Petal.Length"
"1","   Petal.Width"
"1"," V1_setosa"
"1"," V1_versicolor"
"1"," V1_virginica"
"1","
2  "
"1","  -1.13920048"
"1"," -0.13153881"
"1","  -1.33575163"
"1"," -1.3110521482"
"1","         1"
"1","             0"
"1","            0"
"1","
3  "
"1","  -1.38072709"
"1","  0.32731751"
"1","  -1.39239929"
"1"," -1.3110521482"
"1","         1"
"1","             0"
"1","            0"
"1","
4  "
"1","  -1.50149039"
"1","  0.09788935"
"1","  -1.27910398"
"1"," -1.3110521482"
"1","         1"
"1","             0"
"1","            0"
"1","
5  "
"1","  -1.01843718"
"1","  1.24503015"
"1","  -1.33575163"
"1"," -1.3110521482"
"1","         1"
"1","             0"
"1","            0"
"1","
6  "
"1","  -0.53538397"
"1","  1.93331463"
"1","  -1.16580868"
"1"," -1.0486667950"
"1","         1"
"1","             0"
"1","            0"
"1","
7  "
"1","  -1.50149039"
"1","  0.78617383"
"1","  -1.33575163"
"1"," -1.1798594716"
"1","         1"
"1","             0"
"1","            0"
"1","
8  "
"1","  -1.01843718"
"1","  0.78617383"
"1","  -1.27910398"
"1"," -1.3110521482"
"1","         1"
"1","             0"
"1","            0"
"1","
9  "
"1","  -1.74301699"
"1"," -0.36096697"
"1","  -1.33575163"
"1"," -1.3110521482"
"1","         1"
"1","             0"
"1","            0"
"1","
11 "
"1","  -0.53538397"
"1","  1.47445831"
"1","  -1.27910398"
"1"," -1.3110521482"
"1","         1"
"1","             0"
"1","            0"
"1","
14 "
"1","  -1.86378030"
"1"," -0.13153881"
"1","  -1.50569459"
"1"," -1.4422448248"
"1","         1"
"1","             0"
"1","            0"
"1","
15 "
"1","  -0.05233076"
"1","  2.16274279"
"1","  -1.44904694"
"1"," -1.3110521482"
"1","         1"
"1","             0"
"1","            0"
"1","
16 "
"1","  -0.17309407"
"1","  3.08045544"
"1","  -1.27910398"
"1"," -1.0486667950"
"1","         1"
"1","             0"
"1","            0"
"1","
18 "
"1","  -0.89767388"
"1","  1.01560199"
"1","  -1.33575163"
"1"," -1.1798594716"
"1","         1"
"1","             0"
"1","            0"
"1","
20 "
"1","  -0.89767388"
"1","  1.70388647"
"1","  -1.27910398"
"1"," -1.1798594716"
"1","         1"
"1","             0"
"1","            0"
"1","
21 "
"1","  -0.53538397"
"1","  0.78617383"
"1","  -1.16580868"
"1"," -1.3110521482"
"1","         1"
"1","             0"
"1","            0"
"1","
22 "
"1","  -0.89767388"
"1","  1.47445831"
"1","  -1.27910398"
"1"," -1.0486667950"
"1","         1"
"1","             0"
"1","            0"
"1","
23 "
"1","  -1.50149039"
"1","  1.24503015"
"1","  -1.56234224"
"1"," -1.3110521482"
"1","         1"
"1","             0"
"1","            0"
"1","
24 "
"1","  -0.89767388"
"1","  0.55674567"
"1","  -1.16580868"
"1"," -0.9174741184"
"1","         1"
"1","             0"
"1","            0"
"1","
25 "
"1","  -1.25996379"
"1","  0.78617383"
"1","  -1.05251337"
"1"," -1.3110521482"
"1","         1"
"1","             0"
"1","            0"
"1","
26 "
"1","  -1.01843718"
"1"," -0.13153881"
"1","  -1.22245633"
"1"," -1.3110521482"
"1","         1"
"1","             0"
"1","            0"
"1","
28 "
"1","  -0.77691058"
"1","  1.01560199"
"1","  -1.27910398"
"1"," -1.3110521482"
"1","         1"
"1","             0"
"1","            0"
"1","
29 "
"1","  -0.77691058"
"1","  0.78617383"
"1","  -1.33575163"
"1"," -1.3110521482"
"1","         1"
"1","             0"
"1","            0"
"1","
31 "
"1","  -1.25996379"
"1","  0.09788935"
"1","  -1.22245633"
"1"," -1.3110521482"
"1","         1"
"1","             0"
"1","            0"
"1","
32 "
"1","  -0.53538397"
"1","  0.78617383"
"1","  -1.27910398"
"1"," -1.0486667950"
"1","         1"
"1","             0"
"1","            0"
"1","
34 "
"1","  -0.41462067"
"1","  2.62159911"
"1","  -1.33575163"
"1"," -1.3110521482"
"1","         1"
"1","             0"
"1","            0"
"1","
36 "
"1","  -1.01843718"
"1","  0.32731751"
"1","  -1.44904694"
"1"," -1.3110521482"
"1","         1"
"1","             0"
"1","            0"
"1","
37 "
"1","  -0.41462067"
"1","  1.01560199"
"1","  -1.39239929"
"1"," -1.3110521482"
"1","         1"
"1","             0"
"1","            0"
"1","
40 "
"1","  -0.89767388"
"1","  0.78617383"
"1","  -1.27910398"
"1"," -1.3110521482"
"1","         1"
"1","             0"
"1","            0"
"1","
41 "
"1","  -1.01843718"
"1","  1.01560199"
"1","  -1.39239929"
"1"," -1.1798594716"
"1","         1"
"1","             0"
"1","            0"
"1","
44 "
"1","  -1.01843718"
"1","  1.01560199"
"1","  -1.22245633"
"1"," -0.7862814418"
"1","         1"
"1","             0"
"1","            0"
"1","
46 "
"1","  -1.25996379"
"1"," -0.13153881"
"1","  -1.33575163"
"1"," -1.1798594716"
"1","         1"
"1","             0"
"1","            0"
"1","
47 "
"1","  -0.89767388"
"1","  1.70388647"
"1","  -1.22245633"
"1"," -1.3110521482"
"1","         1"
"1","             0"
"1","            0"
"1","
48 "
"1","  -1.50149039"
"1","  0.32731751"
"1","  -1.33575163"
"1"," -1.3110521482"
"1","         1"
"1","             0"
"1","            0"
"1","
53 "
"1","   1.27606556"
"1","  0.09788935"
"1","   0.64691619"
"1","  0.3944526477"
"1","         0"
"1","             1"
"1","            0"
"1","
54 "
"1","  -0.41462067"
"1"," -1.73753594"
"1","   0.13708732"
"1","  0.1320672944"
"1","         0"
"1","             1"
"1","            0"
"1","
55 "
"1","   0.79301235"
"1"," -0.59039513"
"1","   0.47697323"
"1","  0.3944526477"
"1","         0"
"1","             1"
"1","            0"
"1","
57 "
"1","   0.55148575"
"1","  0.55674567"
"1","   0.53362088"
"1","  0.5256453243"
"1","         0"
"1","             1"
"1","            0"
"1","
59 "
"1","   0.91377565"
"1"," -0.36096697"
"1","   0.47697323"
"1","  0.1320672944"
"1","         0"
"1","             1"
"1","            0"
"1","
60 "
"1","  -0.77691058"
"1"," -0.81982329"
"1","   0.08043967"
"1","  0.2632599711"
"1","         0"
"1","             1"
"1","            0"
"1","
61 "
"1","  -1.01843718"
"1"," -2.42582042"
"1","  -0.14615094"
"1"," -0.2615107354"
"1","         0"
"1","             1"
"1","            0"
"1","
62 "
"1","   0.06843254"
"1"," -0.13153881"
"1","   0.25038262"
"1","  0.3944526477"
"1","         0"
"1","             1"
"1","            0"
"1","
63 "
"1","   0.18919584"
"1"," -1.96696410"
"1","   0.13708732"
"1"," -0.2615107354"
"1","         0"
"1","             1"
"1","            0"
"1","
64 "
"1","   0.30995914"
"1"," -0.36096697"
"1","   0.53362088"
"1","  0.2632599711"
"1","         0"
"1","             1"
"1","            0"
"1","
65 "
"1","  -0.29385737"
"1"," -0.36096697"
"1","  -0.08950329"
"1","  0.1320672944"
"1","         0"
"1","             1"
"1","            0"
"1","
66 "
"1","   1.03453895"
"1","  0.09788935"
"1","   0.36367793"
"1","  0.2632599711"
"1","         0"
"1","             1"
"1","            0"
"1","
67 "
"1","  -0.29385737"
"1"," -0.13153881"
"1","   0.42032558"
"1","  0.3944526477"
"1","         0"
"1","             1"
"1","            0"
"1","
68 "
"1","  -0.05233076"
"1"," -0.81982329"
"1","   0.19373497"
"1"," -0.2615107354"
"1","         0"
"1","             1"
"1","            0"
"1","
69 "
"1","   0.43072244"
"1"," -1.96696410"
"1","   0.42032558"
"1","  0.3944526477"
"1","         0"
"1","             1"
"1","            0"
"1","
70 "
"1","  -0.29385737"
"1"," -1.27867961"
"1","   0.08043967"
"1"," -0.1303180588"
"1","         0"
"1","             1"
"1","            0"
"1","
72 "
"1","   0.30995914"
"1"," -0.59039513"
"1","   0.13708732"
"1","  0.1320672944"
"1","         0"
"1","             1"
"1","            0"
"1","
73 "
"1","   0.55148575"
"1"," -1.27867961"
"1","   0.64691619"
"1","  0.3944526477"
"1","         0"
"1","             1"
"1","            0"
"1","
74 "
"1","   0.30995914"
"1"," -0.59039513"
"1","   0.53362088"
"1","  0.0008746178"
"1","         0"
"1","             1"
"1","            0"
"1","
75 "
"1","   0.67224905"
"1"," -0.36096697"
"1","   0.30703027"
"1","  0.1320672944"
"1","         0"
"1","             1"
"1","            0"
"1","
76 "
"1","   0.91377565"
"1"," -0.13153881"
"1","   0.36367793"
"1","  0.2632599711"
"1","         0"
"1","             1"
"1","            0"
"1","
78 "
"1","   1.03453895"
"1"," -0.13153881"
"1","   0.70356384"
"1","  0.6568380009"
"1","         0"
"1","             1"
"1","            0"
"1","
79 "
"1","   0.18919584"
"1"," -0.36096697"
"1","   0.42032558"
"1","  0.3944526477"
"1","         0"
"1","             1"
"1","            0"
"1","
80 "
"1","  -0.17309407"
"1"," -1.04925145"
"1","  -0.14615094"
"1"," -0.2615107354"
"1","         0"
"1","             1"
"1","            0"
"1","
81 "
"1","  -0.41462067"
"1"," -1.50810778"
"1","   0.02379201"
"1"," -0.1303180588"
"1","         0"
"1","             1"
"1","            0"
"1","
82 "
"1","  -0.41462067"
"1"," -1.50810778"
"1","  -0.03285564"
"1"," -0.2615107354"
"1","         0"
"1","             1"
"1","            0"
"1","
83 "
"1","  -0.05233076"
"1"," -0.81982329"
"1","   0.08043967"
"1","  0.0008746178"
"1","         0"
"1","             1"
"1","            0"
"1","
84 "
"1","   0.18919584"
"1"," -0.81982329"
"1","   0.76021149"
"1","  0.5256453243"
"1","         0"
"1","             1"
"1","            0"
"1","
85 "
"1","  -0.53538397"
"1"," -0.13153881"
"1","   0.42032558"
"1","  0.3944526477"
"1","         0"
"1","             1"
"1","            0"
"1","
87 "
"1","   1.03453895"
"1","  0.09788935"
"1","   0.53362088"
"1","  0.3944526477"
"1","         0"
"1","             1"
"1","            0"
"1","
90 "
"1","  -0.41462067"
"1"," -1.27867961"
"1","   0.13708732"
"1","  0.1320672944"
"1","         0"
"1","             1"
"1","            0"
"1","
91 "
"1","  -0.41462067"
"1"," -1.04925145"
"1","   0.36367793"
"1","  0.0008746178"
"1","         0"
"1","             1"
"1","            0"
"1","
92 "
"1","   0.30995914"
"1"," -0.13153881"
"1","   0.47697323"
"1","  0.2632599711"
"1","         0"
"1","             1"
"1","            0"
"1","
94 "
"1","  -1.01843718"
"1"," -1.73753594"
"1","  -0.25944625"
"1"," -0.2615107354"
"1","         0"
"1","             1"
"1","            0"
"1","
95 "
"1","  -0.29385737"
"1"," -0.81982329"
"1","   0.25038262"
"1","  0.1320672944"
"1","         0"
"1","             1"
"1","            0"
"1","
96 "
"1","  -0.17309407"
"1"," -0.13153881"
"1","   0.25038262"
"1","  0.0008746178"
"1","         0"
"1","             1"
"1","            0"
"1","
97 "
"1","  -0.17309407"
"1"," -0.36096697"
"1","   0.25038262"
"1","  0.1320672944"
"1","         0"
"1","             1"
"1","            0"
"1","
98 "
"1","   0.43072244"
"1"," -0.36096697"
"1","   0.30703027"
"1","  0.1320672944"
"1","         0"
"1","             1"
"1","            0"
"1","
99 "
"1","  -0.89767388"
"1"," -1.27867961"
"1","  -0.42938920"
"1"," -0.1303180588"
"1","         0"
"1","             1"
"1","            0"
"1","
100"
"1","  -0.17309407"
"1"," -0.59039513"
"1","   0.19373497"
"1","  0.1320672944"
"1","         0"
"1","             1"
"1","            0"
"1","
101"
"1","   0.55148575"
"1","  0.55674567"
"1","   1.27004036"
"1","  1.7063794137"
"1","         0"
"1","             0"
"1","            1"
"1","
103"
"1","   1.51759216"
"1"," -0.13153881"
"1","   1.21339271"
"1","  1.1816087073"
"1","         0"
"1","             0"
"1","            1"
"1","
105"
"1","   0.79301235"
"1"," -0.13153881"
"1","   1.15674505"
"1","  1.3128013839"
"1","         0"
"1","             0"
"1","            1"
"1","
106"
"1","   2.12140867"
"1"," -0.13153881"
"1","   1.60992627"
"1","  1.1816087073"
"1","         0"
"1","             0"
"1","            1"
"1","
109"
"1","   1.03453895"
"1"," -1.27867961"
"1","   1.15674505"
"1","  0.7880306775"
"1","         0"
"1","             0"
"1","            1"
"1","
111"
"1","   0.79301235"
"1","  0.32731751"
"1","   0.76021149"
"1","  1.0504160307"
"1","         0"
"1","             0"
"1","            1"
"1","
113"
"1","   1.15530226"
"1"," -0.13153881"
"1","   0.98680210"
"1","  1.1816087073"
"1","         0"
"1","             0"
"1","            1"
"1","
114"
"1","  -0.17309407"
"1"," -1.27867961"
"1","   0.70356384"
"1","  1.0504160307"
"1","         0"
"1","             0"
"1","            1"
"1","
115"
"1","  -0.05233076"
"1"," -0.59039513"
"1","   0.76021149"
"1","  1.5751867371"
"1","         0"
"1","             0"
"1","            1"
"1","
116"
"1","   0.67224905"
"1","  0.32731751"
"1","   0.87350679"
"1","  1.4439940605"
"1","         0"
"1","             0"
"1","            1"
"1","
118"
"1","   2.24217198"
"1","  1.70388647"
"1","   1.66657392"
"1","  1.3128013839"
"1","         0"
"1","             0"
"1","            1"
"1","
120"
"1","   0.18919584"
"1"," -1.96696410"
"1","   0.70356384"
"1","  0.3944526477"
"1","         0"
"1","             0"
"1","            1"
"1","
121"
"1","   1.27606556"
"1","  0.32731751"
"1","   1.10009740"
"1","  1.4439940605"
"1","         0"
"1","             0"
"1","            1"
"1","
122"
"1","  -0.29385737"
"1"," -0.59039513"
"1","   0.64691619"
"1","  1.0504160307"
"1","         0"
"1","             0"
"1","            1"
"1","
123"
"1","   2.24217198"
"1"," -0.59039513"
"1","   1.66657392"
"1","  1.0504160307"
"1","         0"
"1","             0"
"1","            1"
"1","
125"
"1","   1.03453895"
"1","  0.55674567"
"1","   1.10009740"
"1","  1.1816087073"
"1","         0"
"1","             0"
"1","            1"
"1","
126"
"1","   1.63835547"
"1","  0.32731751"
"1","   1.27004036"
"1","  0.7880306775"
"1","         0"
"1","             0"
"1","            1"
"1","
128"
"1","   0.30995914"
"1"," -0.13153881"
"1","   0.64691619"
"1","  0.7880306775"
"1","         0"
"1","             0"
"1","            1"
"1","
129"
"1","   0.67224905"
"1"," -0.59039513"
"1","   1.04344975"
"1","  1.1816087073"
"1","         0"
"1","             0"
"1","            1"
"1","
132"
"1","   2.48369858"
"1","  1.70388647"
"1","   1.49663097"
"1","  1.0504160307"
"1","         0"
"1","             0"
"1","            1"
"1","
133"
"1","   0.67224905"
"1"," -0.59039513"
"1","   1.04344975"
"1","  1.3128013839"
"1","         0"
"1","             0"
"1","            1"
"1","
134"
"1","   0.55148575"
"1"," -0.59039513"
"1","   0.76021149"
"1","  0.3944526477"
"1","         0"
"1","             0"
"1","            1"
"1","
138"
"1","   0.67224905"
"1","  0.09788935"
"1","   0.98680210"
"1","  0.7880306775"
"1","         0"
"1","             0"
"1","            1"
"1","
139"
"1","   0.18919584"
"1"," -0.13153881"
"1","   0.59026853"
"1","  0.7880306775"
"1","         0"
"1","             0"
"1","            1"
"1","
140"
"1","   1.27606556"
"1","  0.09788935"
"1","   0.93015445"
"1","  1.1816087073"
"1","         0"
"1","             0"
"1","            1"
"1","
141"
"1","   1.03453895"
"1","  0.09788935"
"1","   1.04344975"
"1","  1.5751867371"
"1","         0"
"1","             0"
"1","            1"
"1","
142"
"1","   1.27606556"
"1","  0.09788935"
"1","   0.76021149"
"1","  1.4439940605"
"1","         0"
"1","             0"
"1","            1"
"1","
143"
"1","  -0.05233076"
"1"," -0.81982329"
"1","   0.76021149"
"1","  0.9192233541"
"1","         0"
"1","             0"
"1","            1"
"1","
144"
"1","   1.15530226"
"1","  0.32731751"
"1","   1.21339271"
"1","  1.4439940605"
"1","         0"
"1","             0"
"1","            1"
"1","
145"
"1","   1.03453895"
"1","  0.55674567"
"1","   1.10009740"
"1","  1.7063794137"
"1","         0"
"1","             0"
"1","            1"
"1","
146"
"1","   1.03453895"
"1"," -0.13153881"
"1","   0.81685914"
"1","  1.4439940605"
"1","         0"
"1","             0"
"1","            1"
"1","
148"
"1","   0.79301235"
"1"," -0.13153881"
"1","   0.81685914"
"1","  1.0504160307"
"1","         0"
"1","             0"
"1","            1"
"1","
150"
"1","   0.06843254"
"1"," -0.13153881"
"1","   0.76021149"
"1","  0.7880306775"
"1","         0"
"1","             0"
"1","            1"
"1","
"
"1","
"
"1","$exclude
"
"1","NULL
"
"1","
"
"1","$net.result
"
"1","$net.result[[1]]
"
"1","   "
"1","          [,1]"
"1","          [,2]"
"1","          [,3]"
"1","
2  "
"1","  1.000008e+00"
"1","  1.052643e-03"
"1","  9.384965e-05"
"1","
3  "
"1","  9.999510e-01"
"1","  1.180402e-03"
"1","  1.932485e-07"
"1","
4  "
"1","  9.999511e-01"
"1","  1.180011e-03"
"1","  5.039595e-07"
"1","
5  "
"1","  9.999490e-01"
"1","  1.184914e-03"
"1"," -3.122436e-06"
"1","
6  "
"1","  9.999490e-01"
"1","  1.184915e-03"
"1"," -3.122528e-06"
"1","
7  "
"1","  9.999494e-01"
"1","  1.183876e-03"
"1"," -2.354457e-06"
"1","
8  "
"1","  9.999490e-01"
"1","  1.184915e-03"
"1"," -3.122238e-06"
"1","
9  "
"1","  1.001068e+00"
"1"," -1.306399e-03"
"1","  1.822015e-03"
"1","
11 "
"1","  9.999490e-01"
"1","  1.184914e-03"
"1"," -3.122383e-06"
"1","
14 "
"1","  9.999990e-01"
"1","  1.073788e-03"
"1","  7.822849e-05"
"1","
15 "
"1","  9.999490e-01"
"1","  1.184914e-03"
"1"," -3.122354e-06"
"1","
16 "
"1","  9.999490e-01"
"1","  1.184914e-03"
"1"," -3.122353e-06"
"1","
18 "
"1","  9.999490e-01"
"1","  1.184868e-03"
"1"," -3.086094e-06"
"1","
20 "
"1","  9.999490e-01"
"1","  1.184914e-03"
"1"," -3.122428e-06"
"1","
21 "
"1","  9.999490e-01"
"1","  1.184917e-03"
"1"," -3.123588e-06"
"1","
22 "
"1","  9.999490e-01"
"1","  1.184909e-03"
"1"," -3.116943e-06"
"1","
23 "
"1","  9.999490e-01"
"1","  1.184902e-03"
"1"," -3.113129e-06"
"1","
24 "
"1","  1.000533e+00"
"1"," -1.203123e-04"
"1","  9.548042e-04"
"1","
25 "
"1","  9.999490e-01"
"1","  1.184916e-03"
"1"," -3.123323e-06"
"1","
26 "
"1","  9.999534e-01"
"1","  1.174680e-03"
"1","  4.497778e-06"
"1","
28 "
"1","  9.999490e-01"
"1","  1.184915e-03"
"1"," -3.122672e-06"
"1","
29 "
"1","  9.999490e-01"
"1","  1.184911e-03"
"1"," -3.119463e-06"
"1","
31 "
"1","  9.999494e-01"
"1","  1.183842e-03"
"1"," -2.303730e-06"
"1","
32 "
"1","  9.999539e-01"
"1","  1.173896e-03"
"1","  5.019444e-06"
"1","
34 "
"1","  9.999490e-01"
"1","  1.184914e-03"
"1"," -3.122353e-06"
"1","
36 "
"1","  9.999539e-01"
"1","  1.174053e-03"
"1","  4.841591e-06"
"1","
37 "
"1","  9.999490e-01"
"1","  1.184914e-03"
"1"," -3.121892e-06"
"1","
40 "
"1","  9.999490e-01"
"1","  1.184915e-03"
"1"," -3.122438e-06"
"1","
41 "
"1","  9.999491e-01"
"1","  1.184716e-03"
"1"," -2.974401e-06"
"1","
44 "
"1","  1.001462e+00"
"1"," -2.186503e-03"
"1","  2.468490e-03"
"1","
46 "
"1","  1.005265e+00"
"1"," -1.070908e-02"
"1","  8.732963e-03"
"1","
47 "
"1","  9.999490e-01"
"1","  1.184914e-03"
"1"," -3.122360e-06"
"1","
48 "
"1","  9.999496e-01"
"1","  1.183430e-03"
"1"," -2.024449e-06"
"1","
53 "
"1","  1.050839e-02"
"1","  1.010238e+00"
"1"," -2.227011e-02"
"1","
54 "
"1"," -4.512814e-03"
"1","  1.000872e+00"
"1","  1.537148e-03"
"1","
55 "
"1","  5.866391e-03"
"1","  1.022381e+00"
"1"," -3.021145e-02"
"1","
57 "
"1","  3.351340e-02"
"1","  9.710848e-01"
"1"," -1.943052e-02"
"1","
59 "
"1"," -4.721138e-03"
"1","  9.979724e-01"
"1","  7.352706e-03"
"1","
60 "
"1"," -4.489410e-03"
"1","  1.000933e+00"
"1","  1.452981e-03"
"1","
61 "
"1"," -4.490749e-03"
"1","  1.000988e+00"
"1","  1.405529e-03"
"1","
62 "
"1"," -4.087122e-03"
"1","  9.990551e-01"
"1","  2.651296e-03"
"1","
63 "
"1"," -4.645561e-03"
"1","  9.999099e-01"
"1","  2.574674e-03"
"1","
64 "
"1"," -9.588389e-03"
"1","  9.703599e-01"
"1","  3.549961e-02"
"1","
65 "
"1"," -4.298493e-03"
"1","  1.000481e+00"
"1","  1.675414e-03"
"1","
66 "
"1"," -3.495676e-03"
"1","  1.000770e+00"
"1","  9.788515e-04"
"1","
67 "
"1"," -2.057742e-03"
"1","  1.000485e+00"
"1"," -1.064264e-03"
"1","
68 "
"1","  3.079507e-02"
"1","  1.001524e+00"
"1"," -2.328511e-02"
"1","
69 "
"1","  1.665035e-02"
"1","  1.049724e+00"
"1"," -6.770221e-02"
"1","
70 "
"1"," -4.364345e-03"
"1","  1.000492e+00"
"1","  1.735106e-03"
"1","
72 "
"1"," -4.413674e-03"
"1","  1.000739e+00"
"1","  1.556358e-03"
"1","
73 "
"1","  1.009557e-02"
"1","  9.163025e-01"
"1","  6.339652e-02"
"1","
74 "
"1"," -7.050861e-03"
"1","  1.008481e+00"
"1","  2.766715e-02"
"1","
75 "
"1"," -4.106827e-03"
"1","  9.993870e-01"
"1","  2.558682e-03"
"1","
76 "
"1"," -4.336493e-03"
"1","  9.999879e-01"
"1","  2.202455e-03"
"1","
78 "
"1"," -1.396259e-02"
"1","  1.007710e+00"
"1","  5.614781e-03"
"1","
79 "
"1","  5.954165e-05"
"1","  1.008908e+00"
"1"," -1.116413e-02"
"1","
80 "
"1"," -1.082171e-03"
"1","  9.919154e-01"
"1","  6.270059e-03"
"1","
81 "
"1"," -4.465380e-03"
"1","  1.000861e+00"
"1","  1.497486e-03"
"1","
82 "
"1"," -4.185574e-03"
"1","  1.000138e+00"
"1","  1.876059e-03"
"1","
83 "
"1"," -4.293532e-03"
"1","  1.000423e+00"
"1","  1.724465e-03"
"1","
84 "
"1"," -1.268377e-02"
"1","  1.002730e+00"
"1","  1.714443e-02"
"1","
85 "
"1"," -2.591645e-03"
"1","  9.976973e-01"
"1","  2.079754e-03"
"1","
87 "
"1","  3.907340e-03"
"1","  1.014137e+00"
"1"," -2.025811e-02"
"1","
90 "
"1"," -4.504340e-03"
"1","  1.000908e+00"
"1","  1.494730e-03"
"1","
91 "
"1"," -6.442722e-03"
"1","  9.894496e-01"
"1","  1.424860e-02"
"1","
92 "
"1"," -5.487035e-03"
"1","  9.929693e-01"
"1","  1.014975e-02"
"1","
94 "
"1"," -4.440985e-03"
"1","  1.000870e+00"
"1","  1.463355e-03"
"1","
95 "
"1"," -4.554880e-03"
"1","  1.000407e+00"
"1","  2.014991e-03"
"1","
96 "
"1","  1.712466e-02"
"1","  1.000034e+00"
"1"," -1.278398e-02"
"1","
97 "
"1"," -4.120510e-03"
"1","  9.995706e-01"
"1","  2.345696e-03"
"1","
98 "
"1"," -4.124003e-03"
"1","  9.992321e-01"
"1","  2.708497e-03"
"1","
99 "
"1"," -4.444259e-03"
"1","  1.000879e+00"
"1","  1.457712e-03"
"1","
100"
"1"," -4.417876e-03"
"1","  1.000601e+00"
"1","  1.689707e-03"
"1","
101"
"1","  2.542779e-03"
"1"," -3.484063e-03"
"1","  9.995461e-01"
"1","
103"
"1","  7.221121e-04"
"1","  2.721272e-03"
"1","  9.955041e-01"
"1","
105"
"1","  2.206591e-03"
"1"," -2.152075e-03"
"1","  9.985818e-01"
"1","
106"
"1"," -1.391386e-04"
"1","  5.393625e-03"
"1","  9.939000e-01"
"1","
109"
"1","  5.053742e-03"
"1"," -1.077512e-02"
"1","  1.003637e+00"
"1","
111"
"1"," -2.093878e-03"
"1","  1.373438e-03"
"1","  1.002122e+00"
"1","
113"
"1","  3.060991e-04"
"1"," -2.499977e-03"
"1","  1.002362e+00"
"1","
114"
"1"," -2.090446e-03"
"1","  1.347395e-03"
"1","  1.002147e+00"
"1","
115"
"1"," -2.148722e-03"
"1","  1.470593e-03"
"1","  1.002108e+00"
"1","
116"
"1"," -2.080209e-03"
"1","  1.350776e-03"
"1","  1.002124e+00"
"1","
118"
"1","  1.893958e-03"
"1"," -8.521582e-04"
"1","  9.976133e-01"
"1","
120"
"1","  1.551507e-02"
"1","  1.491262e-02"
"1","  9.745340e-01"
"1","
121"
"1","  9.499808e-04"
"1"," -3.418850e-03"
"1","  1.002293e+00"
"1","
122"
"1"," -2.146557e-03"
"1","  1.462738e-03"
"1","  1.002113e+00"
"1","
123"
"1"," -1.267088e-04"
"1","  5.355575e-03"
"1","  9.939225e-01"
"1","
125"
"1","  2.669935e-03"
"1"," -4.932313e-03"
"1","  1.001016e+00"
"1","
126"
"1","  9.753806e-04"
"1","  1.973643e-03"
"1","  9.959311e-01"
"1","
128"
"1"," -4.635862e-03"
"1","  5.267496e-03"
"1","  1.002180e+00"
"1","
129"
"1","  2.669876e-03"
"1"," -4.933421e-03"
"1","  1.001018e+00"
"1","
132"
"1","  2.106402e-03"
"1"," -1.501212e-03"
"1","  9.979972e-01"
"1","
133"
"1","  1.972280e-03"
"1"," -4.676119e-03"
"1","  1.001952e+00"
"1","
134"
"1","  1.474125e-02"
"1","  1.722466e-02"
"1","  9.692033e-01"
"1","
138"
"1","  2.977272e-03"
"1"," -5.345932e-03"
"1","  1.000957e+00"
"1","
139"
"1"," -4.524253e-03"
"1","  5.008688e-03"
"1","  1.002283e+00"
"1","
140"
"1"," -1.319681e-03"
"1","  5.588051e-05"
"1","  1.002273e+00"
"1","
141"
"1"," -1.166143e-03"
"1"," -1.977576e-04"
"1","  1.002295e+00"
"1","
142"
"1"," -2.152880e-03"
"1","  1.477882e-03"
"1","  1.002107e+00"
"1","
143"
"1"," -2.037362e-03"
"1","  1.140976e-03"
"1","  1.002292e+00"
"1","
144"
"1","  2.326037e-03"
"1"," -2.596018e-03"
"1","  9.988901e-01"
"1","
145"
"1"," -1.153483e-03"
"1"," -2.185703e-04"
"1","  1.002297e+00"
"1","
146"
"1"," -2.126435e-03"
"1","  1.431557e-03"
"1","  1.002113e+00"
"1","
148"
"1"," -1.871989e-03"
"1","  9.868353e-04"
"1","  1.002175e+00"
"1","
150"
"1"," -3.138866e-03"
"1","  2.685760e-03"
"1","  1.002473e+00"
"1","
"
"1","
"
"1","
"
"1","$weights
"
"1","$weights[[1]]
"
"1","$weights[[1]][[1]]
"
"1","    "
"1","        [,1]"
"1","        [,2]"
"1","        [,3]"
"1","         [,4]"
"1","       [,5]"
"1","
[1,]"
"1","  18.0892472"
"1","  -6.1071556"
"1"," -14.7072763"
"1","  -6.31501983"
"1"," -15.764403"
"1","
[2,]"
"1","  -0.1968043"
"1","   0.9042254"
"1","  -0.3723508"
"1","  -0.04874531"
"1","  -1.006212"
"1","
[3,]"
"1","   0.9244370"
"1","  10.4351039"
"1","  -0.8226573"
"1","   5.84915520"
"1","   2.387113"
"1","
[4,]"
"1","  -8.3685615"
"1","  21.1647509"
"1","  19.0488982"
"1","   2.35254810"
"1","   1.484822"
"1","
[5,]"
"1"," -26.1766800"
"1"," -33.7770384"
"1","  -5.2394410"
"1"," -17.91243686"
"1","  22.264101"
"1","
"
"1","
"
"1","$weights[[1]][[2]]
"
"1","    "
"1","        [,1]"
"1","          [,2]"
"1","       [,3]"
"1","       [,4]"
"1","
[1,]"
"1","   2.4479164"
"1","   -0.67645390"
"1","  1.2415410"
"1","   2.071978"
"1","
[2,]"
"1","  -1.4142979"
"1","   -1.55738936"
"1"," -0.5437437"
"1","  -1.725774"
"1","
[3,]"
"1","   0.6281466"
"1","   -0.01022239"
"1"," -0.8747269"
"1","   1.137860"
"1","
[4,]"
"1"," -25.4081886"
"1","    0.02992750"
"1","  5.6281848"
"1"," -24.196608"
"1","
[5,]"
"1","  -1.2406324"
"1"," -115.22655409"
"1","  7.3188202"
"1","   2.277626"
"1","
[6,]"
"1"," -11.3194144"
"1","    0.04062781"
"1","  3.4286352"
"1"," -10.997129"
"1","
"
"1","
"
"1","$weights[[1]][[3]]
"
"1","    "
"1","       [,1]"
"1","         [,2]"
"1","       [,3]"
"1","
[1,]"
"1"," -0.5660579"
"1","  0.604643928"
"1","  1.2939702"
"1","
[2,]"
"1"," -0.9339558"
"1","  1.600340989"
"1"," -1.0104900"
"1","
[3,]"
"1"," -0.8967897"
"1","  2.731889032"
"1"," -1.6109027"
"1","
[4,]"
"1","  0.8825102"
"1"," -1.563644253"
"1","  0.2685783"
"1","
[5,]"
"1","  1.2770850"
"1"," -0.007432581"
"1"," -0.9743862"
"1","
"
"1","
"
"1","
"
"1","
"
"1","$generalized.weights
"
"1","$generalized.weights[[1]]
"
"1","   "
"1","          [,1]"
"1","          [,2]"
"1","          [,3]"
"1","          [,4]"
"1","          [,5]"
"1","          [,6]"
"1","          [,7]"
"1","          [,8]"
"1","          [,9]"
"1","         [,10]"
"1","         [,11]"
"1","
2  "
"1","  6.500605e+00"
"1","  7.457821e+01"
"1","  1.519160e+02"
"1"," -2.414699e+02"
"1","  1.144076e-01"
"1","  1.315424e+00"
"1","  2.675220e+00"
"1"," -4.258628e+00"
"1"," -9.381809e-01"
"1"," -1.079848e+01"
"1"," -2.194401e+01"
"1","
3  "
"1"," -3.806181e-02"
"1"," -4.334605e-01"
"1"," -8.877404e-01"
"1","  1.403975e+00"
"1","  3.510861e-03"
"1","  4.018083e-02"
"1","  8.199398e-02"
"1"," -1.301135e-01"
"1"," -1.567226e+01"
"1"," -1.797971e+02"
"1"," -3.662515e+02"
"1","
4  "
"1"," -4.249851e-02"
"1"," -4.735350e-01"
"1"," -9.855254e-01"
"1","  1.535462e+00"
"1","  3.907134e-03"
"1","  4.411085e-02"
"1","  9.091892e-02"
"1"," -1.429367e-01"
"1"," -6.683532e+00"
"1"," -7.593849e+01"
"1"," -1.557886e+02"
"1","
5  "
"1"," -7.258796e-07"
"1","  1.471889e-05"
"1"," -4.401539e-06"
"1"," -4.396864e-05"
"1","  6.323682e-08"
"1"," -6.603360e-07"
"1","  7.223375e-07"
"1","  1.916294e-06"
"1","  1.669499e-05"
"1"," -8.166243e-05"
"1","  2.411973e-04"
"1","
6  "
"1"," -2.890170e-07"
"1","  2.777423e-05"
"1","  1.020014e-05"
"1"," -8.495430e-05"
"1","  1.925858e-08"
"1"," -1.650236e-06"
"1"," -5.706929e-07"
"1","  5.043923e-06"
"1","  4.202216e-06"
"1"," -3.210226e-04"
"1"," -1.032940e-04"
"1","
7  "
"1"," -8.698796e-03"
"1"," -9.689275e-02"
"1"," -2.017042e-01"
"1","  3.141851e-01"
"1","  8.248947e-04"
"1","  9.310964e-03"
"1","  1.919422e-02"
"1"," -3.017155e-02"
"1","  3.030157e-01"
"1","  3.442362e+00"
"1","  7.062812e+00"
"1","
8  "
"1"," -2.217272e-05"
"1","  4.009132e-05"
"1"," -3.577006e-04"
"1"," -8.266918e-05"
"1","  2.042286e-06"
"1","  5.754213e-06"
"1","  3.809457e-05"
"1"," -2.146047e-05"
"1","  5.556956e-04"
"1","  2.897169e-03"
"1","  1.109083e-02"
"1","
9  "
"1","  9.377047e-01"
"1","  1.080866e+01"
"1","  2.194140e+01"
"1"," -3.498822e+01"
"1"," -1.707569e+00"
"1"," -1.969139e+01"
"1"," -3.996026e+01"
"1","  6.374074e+01"
"1"," -9.000781e-01"
"1"," -1.038178e+01"
"1"," -2.106470e+01"
"1","
11 "
"1"," -5.103560e-08"
"1","  4.820667e-06"
"1","  1.762453e-06"
"1"," -1.474595e-05"
"1","  3.422456e-09"
"1"," -2.861301e-07"
"1"," -9.811213e-08"
"1","  8.745981e-07"
"1","  7.510558e-07"
"1"," -5.559960e-05"
"1"," -1.764437e-05"
"1","
14 "
"1"," -4.515275e+01"
"1"," -5.205763e+02"
"1"," -1.056593e+03"
"1","  1.685116e+03"
"1","  9.373607e-02"
"1","  1.081092e+00"
"1","  2.193675e+00"
"1"," -3.499456e+00"
"1"," -9.407102e-01"
"1"," -1.085146e+01"
"1"," -2.201618e+01"
"1","
15 "
"1"," -1.298600e-09"
"1","  1.324365e-07"
"1","  5.010718e-08"
"1"," -4.052722e-07"
"1","  8.445286e-11"
"1"," -7.899061e-09"
"1"," -2.873101e-09"
"1","  2.416064e-08"
"1","  1.802384e-08"
"1"," -1.543307e-06"
"1"," -5.362189e-07"
"1","
16 "
"1"," -5.194211e-10"
"1","  4.621240e-08"
"1","  1.902369e-08"
"1"," -1.379871e-07"
"1","  3.456484e-11"
"1"," -2.787124e-09"
"1"," -1.157125e-09"
"1","  8.237675e-09"
"1","  7.547146e-09"
"1"," -5.512823e-07"
"1"," -2.310321e-07"
"1","
18 "
"1"," -4.615673e-04"
"1"," -4.394213e-03"
"1"," -1.029561e-02"
"1","  1.437189e-02"
"1","  4.391127e-05"
"1","  4.506482e-04"
"1","  9.972394e-04"
"1"," -1.467618e-03"
"1","  1.228878e-02"
"1","  1.306155e-01"
"1","  2.815339e-01"
"1","
20 "
"1"," -2.148557e-07"
"1","  1.208148e-05"
"1","  2.909288e-06"
"1"," -3.679006e-05"
"1","  1.663106e-08"
"1"," -6.844869e-07"
"1"," -8.863366e-08"
"1","  2.076224e-06"
"1","  4.079826e-06"
"1"," -1.258733e-04"
"1","  1.157937e-06"
"1","
21 "
"1"," -2.937002e-06"
"1","  1.982471e-04"
"1","  5.788538e-05"
"1"," -6.047986e-04"
"1","  2.183982e-07"
"1"," -1.145267e-05"
"1"," -2.513651e-06"
"1","  3.485075e-05"
"1","  5.205606e-05"
"1"," -2.155796e-03"
"1"," -2.866486e-04"
"1","
22 "
"1"," -1.003085e-04"
"1"," -5.733865e-04"
"1"," -2.029552e-03"
"1","  1.948959e-03"
"1","  9.442752e-06"
"1","  7.381067e-05"
"1","  2.018628e-04"
"1"," -2.445117e-04"
"1","  2.602455e-03"
"1","  2.308217e-02"
"1","  5.712686e-02"
"1","
23 "
"1"," -1.033423e-04"
"1"," -1.154163e-03"
"1"," -2.397934e-03"
"1","  3.741992e-03"
"1","  9.879646e-06"
"1","  1.117011e-04"
"1","  2.299872e-04"
"1"," -3.619298e-04"
"1","  2.747227e-03"
"1","  3.124608e-02"
"1","  6.405343e-02"
"1","
24 "
"1","  9.985726e-01"
"1","  1.142758e+01"
"1","  2.332061e+01"
"1"," -3.700489e+01"
"1"," -9.846378e+00"
"1"," -1.130350e+02"
"1"," -2.301445e+02"
"1","  3.659741e+02"
"1"," -9.095319e-01"
"1"," -1.045724e+01"
"1"," -2.126765e+01"
"1","
25 "
"1"," -1.533399e-06"
"1","  1.541677e-04"
"1","  5.939244e-05"
"1"," -4.722025e-04"
"1","  1.001333e-07"
"1"," -9.194075e-06"
"1"," -3.433220e-06"
"1","  2.815777e-05"
"1","  2.144738e-05"
"1"," -1.795472e-03"
"1"," -6.469241e-04"
"1","
26 "
"1"," -9.534712e-02"
"1"," -1.039500e+00"
"1"," -2.198592e+00"
"1","  3.374407e+00"
"1","  8.388152e-03"
"1","  9.343050e-02"
"1","  1.945000e-01"
"1"," -3.029587e-01"
"1"," -1.599950e+00"
"1"," -1.800606e+01"
"1"," -3.719969e+01"
"1","
28 "
"1"," -2.056561e-06"
"1","  5.453232e-05"
"1"," -5.477464e-06"
"1"," -1.640619e-04"
"1","  1.756983e-07"
"1"," -2.683143e-06"
"1","  1.544479e-06"
"1","  7.935616e-06"
"1","  4.586585e-05"
"1"," -4.002571e-04"
"1","  5.667407e-04"
"1","
29 "
"1"," -5.571379e-05"
"1"," -3.007805e-04"
"1"," -1.117618e-03"
"1","  1.028046e-03"
"1","  5.239994e-06"
"1","  3.987651e-05"
"1","  1.114279e-04"
"1"," -1.323527e-04"
"1","  1.442337e-03"
"1","  1.257702e-02"
"1","  3.154337e-02"
"1","
31 "
"1"," -1.003002e-02"
"1"," -1.012806e-01"
"1"," -2.268835e-01"
"1","  3.301348e-01"
"1","  9.486756e-04"
"1","  1.008392e-02"
"1","  2.173432e-02"
"1"," -3.277784e-02"
"1","  3.556339e-01"
"1","  3.873222e+00"
"1","  8.198317e+00"
"1","
32 "
"1"," -1.007647e-01"
"1"," -1.126036e+00"
"1"," -2.338484e+00"
"1","  3.650690e+00"
"1","  8.797703e-03"
"1","  9.950480e-02"
"1","  2.048206e-01"
"1"," -3.224059e-01"
"1"," -1.503233e+00"
"1"," -1.710172e+01"
"1"," -3.505130e+01"
"1","
34 "
"1"," -7.506296e-11"
"1","  6.877561e-09"
"1","  3.666069e-09"
"1"," -2.141786e-08"
"1","  4.932376e-12"
"1"," -4.130475e-10"
"1"," -2.416871e-10"
"1","  1.294809e-09"
"1","  1.064651e-09"
"1"," -8.131500e-08"
"1"," -5.232748e-08"
"1","
36 "
"1"," -9.654055e-02"
"1"," -1.106968e+00"
"1"," -2.255782e+00"
"1","  3.584245e+00"
"1","  8.433120e-03"
"1","  9.692875e-02"
"1","  1.971759e-01"
"1"," -3.138079e-01"
"1"," -1.494670e+00"
"1"," -1.719955e+01"
"1"," -3.495802e+01"
"1","
37 "
"1"," -1.237472e-05"
"1"," -3.881975e-05"
"1"," -2.329872e-04"
"1","  1.422050e-04"
"1","  1.156316e-06"
"1","  7.085385e-06"
"1","  2.365491e-05"
"1"," -2.393059e-05"
"1","  3.169920e-04"
"1","  2.422850e-03"
"1","  6.746537e-03"
"1","
40 "
"1"," -2.012505e-05"
"1","  6.546875e-05"
"1"," -3.088210e-04"
"1"," -1.645343e-04"
"1","  1.845829e-06"
"1","  3.381870e-06"
"1","  3.343899e-05"
"1"," -1.379827e-05"
"1","  5.011020e-04"
"1","  2.246610e-03"
"1","  9.801823e-03"
"1","
41 "
"1"," -1.691541e-03"
"1"," -1.846048e-02"
"1"," -3.901519e-02"
"1","  5.992291e-02"
"1","  1.613660e-04"
"1","  1.798490e-03"
"1","  3.742286e-03"
"1"," -5.831616e-03"
"1","  4.693981e-02"
"1","  5.285021e-01"
"1","  1.091504e+00"
"1","
44 "
"1","  9.244600e-01"
"1","  1.063999e+01"
"1","  2.162277e+01"
"1"," -3.444478e+01"
"1"," -1.376826e+00"
"1"," -1.586245e+01"
"1"," -3.221216e+01"
"1","  5.134887e+01"
"1"," -8.983612e-01"
"1"," -1.035512e+01"
"1"," -2.102078e+01"
"1","
46 "
"1","  8.608013e-01"
"1","  9.926626e+00"
"1","  2.014434e+01"
"1"," -3.213233e+01"
"1"," -9.482554e-01"
"1"," -1.093826e+01"
"1"," -2.219263e+01"
"1","  3.540646e+01"
"1"," -8.736856e-01"
"1"," -1.007946e+01"
"1"," -2.044817e+01"
"1","
47 "
"1"," -9.994691e-09"
"1","  1.103602e-06"
"1","  4.566975e-07"
"1"," -3.386855e-06"
"1","  6.238912e-10"
"1"," -6.625060e-08"
"1"," -2.764073e-08"
"1","  2.034803e-07"
"1","  1.279789e-07"
"1"," -1.303681e-05"
"1"," -5.489854e-06"
"1","
48 "
"1"," -1.247753e-02"
"1"," -1.390961e-01"
"1"," -2.893858e-01"
"1","  4.510154e-01"
"1","  1.179090e-03"
"1","  1.331569e-02"
"1","  2.743957e-02"
"1"," -4.314751e-02"
"1","  5.035467e-01"
"1","  5.722519e+00"
"1","  1.173799e+01"
"1","
53 "
"1","  1.039824e+00"
"1","  8.123480e-01"
"1","  7.867997e-02"
"1","  5.283488e+01"
"1"," -5.021072e+00"
"1"," -1.171976e+01"
"1","  4.355378e+01"
"1"," -1.370943e+02"
"1","  2.552795e+00"
"1","  4.227482e+00"
"1"," -2.023682e+01"
"1","
54 "
"1"," -2.103969e-03"
"1"," -4.225483e-03"
"1","  1.001804e-01"
"1"," -3.746474e-02"
"1"," -5.813200e-02"
"1"," -1.184063e-01"
"1","  2.869200e+00"
"1"," -9.141326e-01"
"1"," -3.739571e-02"
"1"," -7.590715e-02"
"1","  1.833226e+00"
"1","
55 "
"1","  4.551837e-01"
"1"," -1.629824e+00"
"1","  1.217052e+01"
"1","  4.890560e+01"
"1"," -3.581584e-01"
"1","  9.903362e-01"
"1"," -5.308623e+00"
"1"," -3.090467e+01"
"1","  3.389621e-01"
"1"," -1.019653e+00"
"1","  6.230347e+00"
"1","
57 "
"1","  1.624128e+00"
"1"," -4.207886e+00"
"1","  6.765514e+00"
"1"," -2.976090e+00"
"1","  1.389115e+01"
"1"," -3.625639e+01"
"1","  4.932572e+01"
"1"," -5.337191e+01"
"1","  2.151306e+01"
"1"," -5.623863e+01"
"1","  7.882279e+01"
"1","
59 "
"1"," -6.235480e-01"
"1"," -5.892255e+00"
"1","  2.648505e+00"
"1","  1.382449e+01"
"1","  1.005114e+01"
"1","  8.081767e+01"
"1"," -2.115708e+00"
"1"," -1.956383e+02"
"1"," -2.685587e+00"
"1"," -2.098110e+01"
"1","  1.051882e+01"
"1","
60 "
"1"," -3.424810e-03"
"1","  6.149765e-03"
"1"," -1.152933e-02"
"1"," -1.067791e-02"
"1"," -9.899991e-02"
"1","  2.588085e-01"
"1","  1.190791e-01"
"1","  9.163354e-01"
"1"," -6.993962e-02"
"1","  1.740802e-01"
"1","  2.767973e-02"
"1","
61 "
"1"," -1.473914e-04"
"1"," -1.836517e-03"
"1","  7.576068e-03"
"1","  2.295284e-03"
"1"," -4.093609e-03"
"1","  9.366736e-03"
"1","  2.089852e-01"
"1"," -1.108444e-01"
"1"," -3.190522e-03"
"1"," -7.576949e-05"
"1","  1.630560e-01"
"1","
62 "
"1"," -2.057660e-01"
"1","  5.773682e-01"
"1"," -1.822684e+00"
"1"," -3.076856e+00"
"1","  5.098880e+00"
"1"," -1.339726e+01"
"1","  1.345794e+01"
"1"," -3.230144e+01"
"1"," -2.015612e+00"
"1","  5.372611e+00"
"1"," -7.712328e+00"
"1","
63 "
"1"," -1.454298e-02"
"1"," -7.142707e-02"
"1","  7.445277e-01"
"1"," -9.086685e-02"
"1","  4.221942e+00"
"1","  3.913679e+00"
"1"," -2.157108e+02"
"1","  7.501634e+01"
"1"," -1.660405e-01"
"1"," -2.650085e-01"
"1","  8.487278e+00"
"1","
64 "
"1"," -2.285119e-01"
"1"," -5.230761e-01"
"1","  1.034043e+01"
"1"," -3.847042e+00"
"1","  4.410098e-01"
"1","  9.623481e-01"
"1"," -2.067880e+01"
"1","  6.428278e+00"
"1"," -4.145502e-01"
"1"," -8.942722e-01"
"1","  1.944442e+01"
"1","
65 "
"1","  1.941646e-03"
"1"," -2.600450e-01"
"1"," -1.041894e-01"
"1","  8.021559e-01"
"1"," -6.566842e-02"
"1","  6.273781e+00"
"1","  2.547913e+00"
"1"," -1.884546e+01"
"1"," -1.226760e-02"
"1","  9.746036e-01"
"1","  3.996860e-01"
"1","
66 "
"1"," -9.800148e-02"
"1"," -2.161685e+00"
"1"," -1.979136e+00"
"1","  6.181793e+00"
"1"," -3.458588e+00"
"1"," -1.673977e+01"
"1"," -4.402402e+01"
"1","  5.113357e+01"
"1"," -2.515868e+00"
"1"," -1.593649e+01"
"1"," -3.065885e+01"
"1","
67 "
"1"," -1.003400e+00"
"1","  2.881590e+00"
"1"," -1.159243e+01"
"1"," -3.689422e+01"
"1"," -2.162118e+01"
"1","  5.403991e+01"
"1"," -6.138060e+01"
"1"," -1.601454e+02"
"1","  1.117170e+01"
"1"," -2.880466e+01"
"1","  5.185054e+01"
"1","
68 "
"1","  1.695954e-01"
"1","  7.098309e+00"
"1","  6.580938e+00"
"1"," -2.209594e+01"
"1"," -3.873106e+01"
"1"," -1.817587e+02"
"1"," -7.411741e+02"
"1","  6.237165e+02"
"1","  2.110523e+00"
"1","  1.534591e+01"
"1","  4.299731e+01"
"1","
69 "
"1","  2.654462e-01"
"1"," -1.050680e+00"
"1","  8.620680e+00"
"1","  3.187599e+01"
"1"," -2.387125e-01"
"1","  8.119940e-01"
"1"," -5.944312e+00"
"1"," -2.632286e+01"
"1","  2.269241e-01"
"1"," -8.122212e-01"
"1","  6.199621e+00"
"1","
70 "
"1"," -2.214972e-04"
"1"," -2.005807e-01"
"1","  1.476899e-02"
"1","  5.759497e-01"
"1"," -1.288046e-01"
"1","  4.463850e+00"
"1","  6.393389e+00"
"1"," -1.551696e+01"
"1"," -3.465505e-02"
"1","  6.472058e-01"
"1","  1.734454e+00"
"1","
72 "
"1","  1.600039e-04"
"1"," -1.110014e-01"
"1"," -1.432092e-02"
"1","  3.263666e-01"
"1"," -3.951925e-02"
"1","  1.715771e+00"
"1","  1.694788e+00"
"1"," -5.607182e+00"
"1"," -1.697174e-02"
"1","  4.281235e-01"
"1","  7.106030e-01"
"1","
73 "
"1","  2.131675e+00"
"1"," -1.505597e-01"
"1"," -4.317660e+01"
"1","  1.132558e+02"
"1","  1.742997e+00"
"1","  1.010933e+00"
"1"," -5.070186e+01"
"1","  7.293502e+01"
"1"," -2.548663e+00"
"1"," -1.219603e+00"
"1","  7.062541e+01"
"1","
74 "
"1"," -2.407250e+00"
"1"," -1.989219e+01"
"1","  2.149847e+01"
"1","  4.160571e+01"
"1"," -1.912808e+01"
"1"," -1.526573e+02"
"1","  6.369937e+01"
"1","  3.499468e+02"
"1"," -5.731046e+00"
"1"," -4.338972e+01"
"1","  4.208452e+01"
"1","
75 "
"1"," -1.780230e-02"
"1"," -8.118285e-01"
"1","  9.593881e-02"
"1","  2.245878e+00"
"1","  1.078634e+00"
"1"," -4.821535e+00"
"1"," -1.501190e+01"
"1","  2.294358e+01"
"1"," -2.487185e-01"
"1"," -3.835906e-02"
"1","  4.066721e+00"
"1","
76 "
"1"," -2.490303e-02"
"1"," -3.194940e-01"
"1","  2.339312e-01"
"1","  2.904227e-01"
"1","  5.521945e+01"
"1"," -6.809445e+01"
"1"," -8.967548e+02"
"1","  8.810819e+02"
"1"," -3.207923e-01"
"1"," -1.513186e-01"
"1","  5.405312e+00"
"1","
78 "
"1"," -5.907547e+00"
"1","  1.306349e+01"
"1","  1.908194e+01"
"1","  1.236868e+02"
"1"," -1.044261e+02"
"1","  2.324013e+02"
"1","  3.171382e+02"
"1","  2.159177e+03"
"1"," -1.606308e+02"
"1","  3.570014e+02"
"1","  4.938670e+02"
"1","
79 "
"1","  2.645309e+01"
"1"," -9.176986e+01"
"1","  6.031808e+02"
"1","  2.145439e+03"
"1"," -6.645220e-01"
"1","  1.860048e+00"
"1"," -7.110018e+00"
"1"," -3.045200e+01"
"1","  6.421879e-01"
"1"," -1.908946e+00"
"1","  8.884712e+00"
"1","
80 "
"1","  1.508135e-01"
"1"," -1.819430e+01"
"1"," -7.320851e+00"
"1","  5.571611e+01"
"1","  5.522066e-02"
"1"," -6.536015e+00"
"1"," -2.623892e+00"
"1","  2.001709e+01"
"1"," -3.846742e-02"
"1","  4.507649e+00"
"1","  1.809088e+00"
"1","
81 "
"1"," -4.046129e-04"
"1"," -4.588538e-02"
"1","  2.172962e-02"
"1","  1.244271e-01"
"1"," -2.689868e-02"
"1","  5.662122e-01"
"1","  1.359977e+00"
"1"," -2.187336e+00"
"1"," -1.573410e-02"
"1","  1.589535e-01"
"1","  7.996571e-01"
"1","
82 "
"1","  3.030333e-03"
"1"," -4.331795e-01"
"1"," -1.454474e-01"
"1","  1.314984e+00"
"1"," -3.865280e-01"
"1","  3.485043e+01"
"1","  1.874279e+01"
"1"," -1.086315e+02"
"1"," -1.938865e-02"
"1","  1.372447e+00"
"1","  9.460983e-01"
"1","
83 "
"1","  1.668944e-03"
"1"," -2.769744e-01"
"1"," -8.133506e-02"
"1","  8.360166e-01"
"1"," -9.753495e-02"
"1","  7.395354e+00"
"1","  4.622481e+00"
"1"," -2.331426e+01"
"1"," -1.784671e-02"
"1","  9.644430e-01"
"1","  8.472385e-01"
"1","
84 "
"1"," -2.783431e+00"
"1"," -5.218705e+00"
"1","  1.326294e+02"
"1"," -2.877540e+01"
"1"," -1.352741e+02"
"1"," -2.095585e+02"
"1","  5.854157e+03"
"1"," -2.101175e+03"
"1"," -2.423221e+01"
"1"," -3.857267e+01"
"1","  1.062371e+03"
"1","
85 "
"1"," -9.101641e-01"
"1","  2.505020e+00"
"1"," -8.220353e+00"
"1"," -2.485701e+01"
"1","  5.520882e+00"
"1"," -1.346616e+01"
"1","  8.563825e+00"
"1","  8.464072e+00"
"1"," -6.856750e+00"
"1","  1.715767e+01"
"1"," -2.075500e+01"
"1","
87 "
"1","  8.372331e-01"
"1"," -1.840411e+00"
"1","  1.405697e+01"
"1","  6.229186e+01"
"1"," -9.033664e-01"
"1","  1.176007e+00"
"1"," -4.265289e+00"
"1"," -3.854153e+01"
"1","  7.450165e-01"
"1"," -1.239612e+00"
"1","  5.623736e+00"
"1","
90 "
"1"," -1.455330e-03"
"1"," -4.743520e-03"
"1","  6.819213e-02"
"1"," -1.899773e-02"
"1"," -3.940260e-02"
"1"," -5.061135e-02"
"1","  1.901809e+00"
"1"," -6.547208e-01"
"1"," -2.702684e-02"
"1"," -4.390185e-02"
"1","  1.297623e+00"
"1","
91 "
"1"," -1.171607e-01"
"1"," -3.606195e-01"
"1","  5.954080e+00"
"1"," -1.341176e+00"
"1","  4.085122e-01"
"1","  7.651291e-01"
"1"," -2.070951e+01"
"1","  6.085506e+00"
"1"," -3.407434e-01"
"1"," -7.040455e-01"
"1","  1.730605e+01"
"1","
92 "
"1"," -1.494816e-01"
"1"," -7.810039e-01"
"1","  4.457290e+00"
"1"," -6.071324e-01"
"1","  6.900889e-01"
"1","  2.140132e+00"
"1"," -2.016944e+01"
"1","  3.776487e+00"
"1"," -5.145155e-01"
"1"," -1.609734e+00"
"1","  1.614372e+01"
"1","
94 "
"1","  5.258522e-04"
"1"," -6.439493e-02"
"1"," -2.534844e-02"
"1","  1.969821e-01"
"1"," -7.638378e-03"
"1","  8.806241e-01"
"1","  3.694792e-01"
"1"," -2.702941e+00"
"1"," -2.549093e-03"
"1","  2.817357e-01"
"1","  1.235875e-01"
"1","
95 "
"1"," -7.671898e-03"
"1"," -5.403856e-02"
"1","  3.793135e-01"
"1"," -2.964966e-03"
"1"," -4.943142e-01"
"1","  9.713369e-02"
"1","  2.457129e+01"
"1"," -1.016501e+01"
"1"," -1.117691e-01"
"1"," -1.111455e-01"
"1","  5.553365e+00"
"1","
96 "
"1","  2.145427e-01"
"1","  8.267650e+00"
"1","  8.023605e+00"
"1"," -2.578938e+01"
"1"," -1.090325e+03"
"1"," -5.006046e+03"
"1"," -2.097592e+04"
"1","  1.727448e+04"
"1","  2.483489e+00"
"1","  1.796375e+01"
"1","  5.106724e+01"
"1","
97 "
"1"," -2.555336e-03"
"1"," -6.292930e-01"
"1","  9.201423e-03"
"1","  1.815244e+00"
"1","  5.518588e-01"
"1"," -1.363643e+01"
"1"," -1.876720e+01"
"1","  4.721065e+01"
"1"," -9.559021e-02"
"1","  1.199226e+00"
"1","  3.311005e+00"
"1","
98 "
"1"," -1.671317e-02"
"1"," -7.941228e-01"
"1","  2.005717e-01"
"1","  2.166575e+00"
"1","  8.142824e-01"
"1"," -4.844030e+00"
"1"," -1.567252e+01"
"1","  2.217074e+01"
"1"," -2.252176e-01"
"1","  2.009624e-01"
"1","  4.889231e+00"
"1","
99 "
"1","  4.987441e-04"
"1"," -5.987211e-02"
"1"," -2.407359e-02"
"1","  1.833515e-01"
"1"," -6.766485e-03"
"1","  8.111753e-01"
"1","  3.264539e-01"
"1"," -2.484144e+00"
"1"," -2.201518e-03"
"1","  2.636585e-01"
"1","  1.061784e-01"
"1","
100"
"1"," -1.337098e-03"
"1"," -1.329294e-01"
"1","  5.632925e-02"
"1","  3.618264e-01"
"1"," -1.183173e-01"
"1","  2.337535e+00"
"1","  5.360707e+00"
"1"," -8.801028e+00"
"1"," -4.288100e-02"
"1","  4.095098e-01"
"1","  1.941687e+00"
"1","
101"
"1","  1.027745e-01"
"1","  2.270659e-01"
"1"," -5.257786e+00"
"1","  1.446165e+00"
"1","  3.384015e-01"
"1","  7.476510e-01"
"1"," -1.731210e+01"
"1","  4.761732e+00"
"1","  2.035746e+00"
"1","  4.497699e+00"
"1"," -1.041457e+02"
"1","
103"
"1","  3.715572e-01"
"1","  8.194900e-01"
"1"," -1.899295e+01"
"1","  5.217084e+00"
"1"," -3.093442e-01"
"1"," -6.822938e-01"
"1","  1.581299e+01"
"1"," -4.343685e+00"
"1","  1.135612e-01"
"1","  2.504783e-01"
"1"," -5.805064e+00"
"1","
105"
"1","  1.734544e-01"
"1","  3.832119e-01"
"1"," -8.873536e+00"
"1","  2.440629e+00"
"1","  6.439351e-01"
"1","  1.422647e+00"
"1"," -3.294232e+01"
"1","  9.060667e+00"
"1","  6.707121e-01"
"1","  1.481808e+00"
"1"," -3.431221e+01"
"1","
106"
"1"," -3.615332e-03"
"1"," -1.802402e-03"
"1","  9.119188e-02"
"1","  1.706808e-02"
"1"," -2.881099e-04"
"1"," -1.452353e-04"
"1","  7.291383e-03"
"1","  1.342613e-03"
"1","  1.515659e-04"
"1","  7.721935e-05"
"1"," -3.848110e-03"
"1","
109"
"1","  3.371318e-01"
"1"," -7.699615e-01"
"1"," -8.213705e-01"
"1"," -7.226489e+00"
"1","  5.037582e-01"
"1"," -1.146266e+00"
"1"," -1.273349e+00"
"1"," -1.076438e+01"
"1"," -9.375661e-01"
"1","  2.126439e+00"
"1","  2.444961e+00"
"1","
111"
"1","  1.401138e-02"
"1","  2.419371e-02"
"1"," -6.437229e-01"
"1","  1.449049e-01"
"1","  3.662423e-02"
"1","  6.647908e-02"
"1"," -1.718261e+00"
"1","  4.067848e-01"
"1","  2.737837e-03"
"1","  7.163281e-03"
"1"," -1.525920e-01"
"1","
113"
"1"," -2.081433e+00"
"1"," -4.594860e+00"
"1","  1.064420e+02"
"1"," -2.925856e+01"
"1"," -3.750223e-01"
"1"," -8.282360e-01"
"1","  1.918207e+01"
"1"," -5.274491e+00"
"1"," -1.394963e-02"
"1"," -3.035145e-02"
"1","  7.085579e-01"
"1","
114"
"1","  5.065698e-02"
"1"," -1.523883e-02"
"1"," -1.212631e+00"
"1"," -2.914378e-01"
"1","  1.218498e-01"
"1"," -3.905042e-03"
"1"," -3.271889e+00"
"1"," -4.414091e-01"
"1","  3.624736e-04"
"1","  2.379899e-02"
"1"," -2.678575e-01"
"1","
115"
"1","  2.305266e-03"
"1","  5.092953e-03"
"1"," -1.179316e-01"
"1","  3.243630e-02"
"1","  5.925138e-03"
"1","  1.309034e-02"
"1"," -3.031163e-01"
"1","  8.337068e-02"
"1","  5.849651e-04"
"1","  1.292437e-03"
"1"," -2.992633e-02"
"1","
116"
"1","  1.449742e-02"
"1","  3.202920e-02"
"1"," -7.416571e-01"
"1","  2.039907e-01"
"1","  3.908969e-02"
"1","  8.636139e-02"
"1"," -1.999751e+00"
"1","  5.500281e-01"
"1","  3.414631e-03"
"1","  7.544233e-03"
"1"," -1.746888e-01"
"1","
"
"1","   "
"1","         [,12]"
"1","
2  "
"1","  3.495776e+01"
"1","
3  "
"1","  5.821489e+02"
"1","
4  "
"1","  2.459925e+02"
"1","
5  "
"1","  2.207009e-04"
"1","
6  "
"1","  9.803874e-04"
"1","
7  "
"1"," -1.115115e+01"
"1","
8  "
"1"," -9.937182e-03"
"1","
9  "
"1","  3.360532e+01"
"1","
11 "
"1","  1.698073e-04"
"1","
14 "
"1","  3.512547e+01"
"1","
15 "
"1","  4.717980e-06"
"1","
16 "
"1","  1.610836e-06"
"1","
18 "
"1"," -4.245680e-01"
"1","
20 "
"1","  3.799390e-04"
"1","
21 "
"1","  6.540318e-03"
"1","
22 "
"1"," -7.582026e-02"
"1","
23 "
"1"," -1.012123e-01"
"1","
24 "
"1","  3.385493e+01"
"1","
25 "
"1","  5.498232e-03"
"1","
26 "
"1","  5.835611e+01"
"1","
28 "
"1","  1.147735e-03"
"1","
29 "
"1"," -4.135759e-02"
"1","
31 "
"1"," -1.257386e+01"
"1","
32 "
"1","  5.539516e+01"
"1","
34 "
"1","  2.567819e-07"
"1","
36 "
"1","  5.568051e+01"
"1","
37 "
"1"," -8.039053e-03"
"1","
40 "
"1"," -7.834683e-03"
"1","
41 "
"1"," -1.712792e+00"
"1","
44 "
"1","  3.352009e+01"
"1","
46 "
"1","  3.262636e+01"
"1","
47 "
"1","  4.007707e-05"
"1","
48 "
"1"," -1.853713e+01"
"1","
53 "
"1","  8.907328e+01"
"1","
54 "
"1"," -6.034510e-01"
"1","
55 "
"1","  3.141630e+01"
"1","
57 "
"1"," -7.359981e+01"
"1","
59 "
"1","  4.720679e+01"
"1","
60 "
"1","  4.812848e-01"
"1","
61 "
"1"," -6.506033e-02"
"1","
62 "
"1","  4.522329e+00"
"1","
63 "
"1"," -2.629363e+00"
"1","
64 "
"1"," -6.312291e+00"
"1","
65 "
"1"," -2.872048e+00"
"1","
66 "
"1","  4.604314e+01"
"1","
67 "
"1","  1.520037e+02"
"1","
68 "
"1"," -5.061873e+01"
"1","
69 "
"1","  2.573471e+01"
"1","
70 "
"1"," -2.573726e+00"
"1","
72 "
"1"," -1.510157e+00"
"1","
73 "
"1"," -1.111423e+02"
"1","
74 "
"1","  9.052177e+01"
"1","
75 "
"1"," -2.172492e+00"
"1","
76 "
"1"," -4.550091e+00"
"1","
78 "
"1","  3.324885e+03"
"1","
79 "
"1","  3.539172e+01"
"1","
80 "
"1"," -1.380633e+01"
"1","
81 "
"1"," -7.813721e-01"
"1","
82 "
"1"," -4.361654e+00"
"1","
83 "
"1"," -3.138878e+00"
"1","
84 "
"1"," -3.616058e+02"
"1","
85 "
"1"," -4.618838e+01"
"1","
87 "
"1","  3.846260e+01"
"1","
90 "
"1"," -4.340050e-01"
"1","
91 "
"1"," -4.895781e+00"
"1","
92 "
"1"," -3.604316e+00"
"1","
94 "
"1"," -8.668987e-01"
"1","
95 "
"1"," -1.930710e+00"
"1","
96 "
"1"," -5.944748e+01"
"1","
97 "
"1"," -4.823753e+00"
"1","
98 "
"1"," -3.026721e+00"
"1","
99 "
"1"," -8.074317e-01"
"1","
100"
"1"," -1.928387e+00"
"1","
101"
"1","  2.864549e+01"
"1","
103"
"1","  1.594629e+00"
"1","
105"
"1","  9.437466e+00"
"1","
106"
"1"," -6.973556e-04"
"1","
109"
"1","  1.997894e+01"
"1","
111"
"1","  4.942748e-02"
"1","
113"
"1"," -1.925789e-01"
"1","
114"
"1","  1.874471e-01"
"1","
115"
"1","  8.231490e-03"
"1","
116"
"1","  4.804947e-02"
"1","
"
"1"," [ reached getOption(""max.print"") -- omitted 23 rows ]
"
"1","
"
"1","
"
"1","$startweights
"
"1","$startweights[[1]]
"
"1","$startweights[[1]][[1]]
"
"1","    "
"1","       [,1]"
"1","       [,2]"
"1","       [,3]"
"1","      [,4]"
"1","       [,5]"
"1","
[1,]"
"1","  0.3512464"
"1","  0.7034746"
"1"," -2.0101657"
"1"," 0.9224428"
"1","  0.6197897"
"1","
[2,]"
"1"," -1.4558569"
"1","  0.1532191"
"1","  0.3383292"
"1"," 0.6210974"
"1"," -0.2425597"
"1","
[3,]"
"1"," -0.4529891"
"1"," -0.5157291"
"1","  0.6512870"
"1"," 0.3563335"
"1","  2.1871192"
"1","
[4,]"
"1","  0.2128333"
"1"," -0.3993150"
"1","  2.4331515"
"1"," 0.0711464"
"1"," -0.5817275"
"1","
[5,]"
"1"," -0.1840789"
"1"," -1.4319202"
"1","  1.1913382"
"1"," 0.7318026"
"1","  0.7000802"
"1","
"
"1","
"
"1","$startweights[[1]][[2]]
"
"1","    "
"1","         [,1]"
"1","       [,2]"
"1","        [,3]"
"1","       [,4]"
"1","
[1,]"
"1","  1.492176579"
"1"," -0.4202450"
"1","  2.31559832"
"1","  0.2446177"
"1","
[2,]"
"1","  0.526553441"
"1"," -0.0139409"
"1"," -0.69220912"
"1"," -0.5842005"
"1","
[3,]"
"1","  1.037772101"
"1","  0.1686369"
"1","  0.49335047"
"1","  0.1587862"
"1","
[4,]"
"1"," -1.860716351"
"1","  0.8692633"
"1"," -0.05760147"
"1"," -2.7181569"
"1","
[5,]"
"1"," -0.426574240"
"1"," -0.7986699"
"1","  0.18736546"
"1","  0.0502820"
"1","
[6,]"
"1"," -0.001137045"
"1"," -0.5037505"
"1","  0.83068374"
"1"," -1.8873473"
"1","
"
"1","
"
"1","$startweights[[1]][[3]]
"
"1","    "
"1","       [,1]"
"1","        [,2]"
"1","       [,3]"
"1","
[1,]"
"1"," -0.6175993"
"1","  0.83970361"
"1","  0.7869513"
"1","
[2,]"
"1"," -1.2775421"
"1","  0.01593921"
"1"," -0.5805478"
"1","
[3,]"
"1"," -2.1453953"
"1","  0.11242446"
"1"," -0.5605926"
"1","
[4,]"
"1","  0.6670308"
"1"," -0.39983962"
"1","  0.9182511"
"1","
[5,]"
"1","  0.7029553"
"1"," -0.17827861"
"1"," -0.2185388"
"1","
"
"1","
"
"1","
"
"1","
"
"1","$result.matrix
"
"1","                          "
"1","          [,1]"
"1","
error                     "
"1","  1.724433e-02"
"1","
reached.threshold         "
"1","  8.421761e-03"
"1","
steps                     "
"1","  3.305000e+03"
"1","
Intercept.to.1layhid1     "
"1","  1.808925e+01"
"1","
Sepal.Length.to.1layhid1  "
"1"," -1.968043e-01"
"1","
Sepal.Width.to.1layhid1   "
"1","  9.244370e-01"
"1","
Petal.Length.to.1layhid1  "
"1"," -8.368562e+00"
"1","
Petal.Width.to.1layhid1   "
"1"," -2.617668e+01"
"1","
Intercept.to.1layhid2     "
"1"," -6.107156e+00"
"1","
Sepal.Length.to.1layhid2  "
"1","  9.042254e-01"
"1","
Sepal.Width.to.1layhid2   "
"1","  1.043510e+01"
"1","
Petal.Length.to.1layhid2  "
"1","  2.116475e+01"
"1","
Petal.Width.to.1layhid2   "
"1"," -3.377704e+01"
"1","
Intercept.to.1layhid3     "
"1"," -1.470728e+01"
"1","
Sepal.Length.to.1layhid3  "
"1"," -3.723508e-01"
"1","
Sepal.Width.to.1layhid3   "
"1"," -8.226573e-01"
"1","
Petal.Length.to.1layhid3  "
"1","  1.904890e+01"
"1","
Petal.Width.to.1layhid3   "
"1"," -5.239441e+00"
"1","
Intercept.to.1layhid4     "
"1"," -6.315020e+00"
"1","
Sepal.Length.to.1layhid4  "
"1"," -4.874531e-02"
"1","
Sepal.Width.to.1layhid4   "
"1","  5.849155e+00"
"1","
Petal.Length.to.1layhid4  "
"1","  2.352548e+00"
"1","
Petal.Width.to.1layhid4   "
"1"," -1.791244e+01"
"1","
Intercept.to.1layhid5     "
"1"," -1.576440e+01"
"1","
Sepal.Length.to.1layhid5  "
"1"," -1.006212e+00"
"1","
Sepal.Width.to.1layhid5   "
"1","  2.387113e+00"
"1","
Petal.Length.to.1layhid5  "
"1","  1.484822e+00"
"1","
Petal.Width.to.1layhid5   "
"1","  2.226410e+01"
"1","
Intercept.to.2layhid1     "
"1","  2.447916e+00"
"1","
1layhid1.to.2layhid1      "
"1"," -1.414298e+00"
"1","
1layhid2.to.2layhid1      "
"1","  6.281466e-01"
"1","
1layhid3.to.2layhid1      "
"1"," -2.540819e+01"
"1","
1layhid4.to.2layhid1      "
"1"," -1.240632e+00"
"1","
1layhid5.to.2layhid1      "
"1"," -1.131941e+01"
"1","
Intercept.to.2layhid2     "
"1"," -6.764539e-01"
"1","
1layhid1.to.2layhid2      "
"1"," -1.557389e+00"
"1","
1layhid2.to.2layhid2      "
"1"," -1.022239e-02"
"1","
1layhid3.to.2layhid2      "
"1","  2.992750e-02"
"1","
1layhid4.to.2layhid2      "
"1"," -1.152266e+02"
"1","
1layhid5.to.2layhid2      "
"1","  4.062781e-02"
"1","
Intercept.to.2layhid3     "
"1","  1.241541e+00"
"1","
1layhid1.to.2layhid3      "
"1"," -5.437437e-01"
"1","
1layhid2.to.2layhid3      "
"1"," -8.747269e-01"
"1","
1layhid3.to.2layhid3      "
"1","  5.628185e+00"
"1","
1layhid4.to.2layhid3      "
"1","  7.318820e+00"
"1","
1layhid5.to.2layhid3      "
"1","  3.428635e+00"
"1","
Intercept.to.2layhid4     "
"1","  2.071978e+00"
"1","
1layhid1.to.2layhid4      "
"1"," -1.725774e+00"
"1","
1layhid2.to.2layhid4      "
"1","  1.137860e+00"
"1","
1layhid3.to.2layhid4      "
"1"," -2.419661e+01"
"1","
1layhid4.to.2layhid4      "
"1","  2.277626e+00"
"1","
1layhid5.to.2layhid4      "
"1"," -1.099713e+01"
"1","
Intercept.to.V1_setosa    "
"1"," -5.660579e-01"
"1","
2layhid1.to.V1_setosa     "
"1"," -9.339558e-01"
"1","
2layhid2.to.V1_setosa     "
"1"," -8.967897e-01"
"1","
2layhid3.to.V1_setosa     "
"1","  8.825102e-01"
"1","
2layhid4.to.V1_setosa     "
"1","  1.277085e+00"
"1","
Intercept.to.V1_versicolor"
"1","  6.046439e-01"
"1","
2layhid1.to.V1_versicolor "
"1","  1.600341e+00"
"1","
2layhid2.to.V1_versicolor "
"1","  2.731889e+00"
"1","
2layhid3.to.V1_versicolor "
"1"," -1.563644e+00"
"1","
2layhid4.to.V1_versicolor "
"1"," -7.432581e-03"
"1","
Intercept.to.V1_virginica "
"1","  1.293970e+00"
"1","
2layhid1.to.V1_virginica  "
"1"," -1.010490e+00"
"1","
2layhid2.to.V1_virginica  "
"1"," -1.610903e+00"
"1","
2layhid3.to.V1_virginica  "
"1","  2.685783e-01"
"1","
2layhid4.to.V1_virginica  "
"1"," -9.743862e-01"
"1","
"
"1","
"
"1","attr(,""class"")"
"1","
"
"1","[1]"
"1"," ""nn"""
"1","
"
"0","plot(modelo)"
